date,station_id,station_name,province,rain_mm
2025-01-01,CHB01,ชลบุรี,ชลบุรี,0.0
2025-01-02,CHB01,ชลบุรี,ชลบุรี,0.0
2025-01-03,CHB01,ชลบุรี,ชลบุรี,0.0
2025-01-04,CHB01,ชลบุรี,ชลบุรี,0.0
2025-01-05,CHB01,ชลบุรี,ชลบุรี,0.0
2025-01-06,CHB01,ชลบุรี,ชลบุรี,0.0
2025-01-07,CHB01,ชลบุรี,ชลบุรี,0.0
2025-01-08,CHB01,ชลบุรี,ชลบุรี,0.0
2025-01-09,CHB01,ชลบุรี,ชลบุรี,0.0
2025-01-10,CHB01,ชลบุรี,ชลบุรี,0.0
2025-01-11,CHB01,ชลบุรี,ชลบุรี,0.0
2025-01-12,CHB01,ชลบุรี,ชลบุรี,0.0
2025-01-13,CHB01,ชลบุรี,ชลบุรี,0.0
2025-01-14,CHB01,ชลบุรี,ชลบุรี,0.0
2025-01-15,CHB01,ชลบุรี,ชลบุรี,0.0
2025-01-16,CHB01,ชลบุรี,ชลบุรี,0.0
2025-01-17,CHB01,ชลบุรี,ชลบุรี,0.0
2025-01-18,CHB01,ชลบุรี,ชลบุรี,0.0
2025-01-19,CHB01,ชลบุรี,ชลบุรี,0.0
2025-01-20,CHB01,ชลบุรี,ชลบุรี,0.0
2025-01-21,CHB01,ชลบุรี,ชลบุรี,0.0
2025-01-22,CHB01,ชลบุรี,ชลบุรี,0.0
2025-01-23,CHB01,ชลบุรี,ชลบุรี,0.0
2025-01-24,CHB01,ชลบุรี,ชลบุรี,0.0
2025-01-25,CHB01,ชลบุรี,ชลบุรี,0.0
2025-01-26,CHB01,ชลบุรี,ชลบุรี,0.0
2025-01-27,CHB01,ชลบุรี,ชลบุรี,0.0
2025-01-28,CHB01,ชลบุรี,ชลบุรี,0.0
2025-01-29,CHB01,ชลบุรี,ชลบุรี,0.0
2025-01-30,CHB01,ชลบุรี,ชลบุรี,0.0
2025-01-31,CHB01,ชลบุรี,ชลบุรี,0.0
2025-02-01,CHB01,ชลบุรี,ชลบุรี,0.0
2025-02-02,CHB01,ชลบุรี,ชลบุรี,0.0
2025-02-03,CHB01,ชลบุรี,ชลบุรี,0.0
2025-02-04,CHB01,ชลบุรี,ชลบุรี,0.0
2025-02-05,CHB01,ชลบุรี,ชลบุรี,0.0
2025-02-06,CHB01,ชลบุรี,ชลบุรี,0.0
2025-02-07,CHB01,ชลบุรี,ชลบุรี,0.0
2025-02-08,CHB01,ชลบุรี,ชลบุรี,0.0
2025-02-09,CHB01,ชลบุรี,ชลบุรี,0.0
2025-02-10,CHB01,ชลบุรี,ชลบุรี,0.0
2025-02-11,CHB01,ชลบุรี,ชลบุรี,0.0
2025-02-12,CHB01,ชลบุรี,ชลบุรี,0.0
2025-02-13,CHB01,ชลบุรี,ชลบุรี,0.0
2025-02-14,CHB01,ชลบุรี,ชลบุรี,0.0
2025-02-15,CHB01,ชลบุรี,ชลบุรี,0.0
2025-02-16,CHB01,ชลบุรี,ชลบุรี,0.0
2025-02-17,CHB01,ชลบุรี,ชลบุรี,0.0
2025-02-18,CHB01,ชลบุรี,ชลบุรี,0.0
2025-02-19,CHB01,ชลบุรี,ชลบุรี,0.0
2025-02-20,CHB01,ชลบุรี,ชลบุรี,0.0
2025-02-21,CHB01,ชลบุรี,ชลบุรี,0.0
2025-02-22,CHB01,ชลบุรี,ชลบุรี,0.0
2025-02-23,CHB01,ชลบุรี,ชลบุรี,0.0
2025-02-24,CHB01,ชลบุรี,ชลบุรี,0.0
2025-02-25,CHB01,ชลบุรี,ชลบุรี,0.0
2025-02-26,CHB01,ชลบุรี,ชลบุรี,0.0
2025-02-27,CHB01,ชลบุรี,ชลบุรี,0.0
2025-02-28,CHB01,ชลบุรี,ชลบุรี,0.0
2025-03-01,CHB01,ชลบุรี,ชลบุรี,0.0
2025-03-02,CHB01,ชลบุรี,ชลบุรี,0.0
2025-03-03,CHB01,ชลบุรี,ชลบุรี,0.0
2025-03-04,CHB01,ชลบุรี,ชลบุรี,0.0
2025-03-05,CHB01,ชลบุรี,ชลบุรี,0.0
2025-03-06,CHB01,ชลบุรี,ชลบุรี,0.0
2025-03-07,CHB01,ชลบุรี,ชลบุรี,0.0
2025-03-08,CHB01,ชลบุรี,ชลบุรี,3.4
2025-03-09,CHB01,ชลบุรี,ชลบุรี,0.0
2025-03-10,CHB01,ชลบุรี,ชลบุรี,0.4
2025-03-11,CHB01,ชลบุรี,ชลบุรี,0.0
2025-03-12,CHB01,ชลบุรี,ชลบุรี,0.0
2025-03-13,CHB01,ชลบุรี,ชลบุรี,0.0
2025-03-14,CHB01,ชลบุรี,ชลบุรี,0.0
2025-03-15,CHB01,ชลบุรี,ชลบุรี,0.0
2025-03-16,CHB01,ชลบุรี,ชลบุรี,0.0
2025-03-17,CHB01,ชลบุรี,ชลบุรี,0.0
2025-03-18,CHB01,ชลบุรี,ชลบุรี,0.0
2025-03-19,CHB01,ชลบุรี,ชลบุรี,0.0
2025-03-20,CHB01,ชลบุรี,ชลบุรี,0.0
2025-03-21,CHB01,ชลบุรี,ชลบุรี,0.0
2025-03-22,CHB01,ชลบุรี,ชลบุรี,0.0
2025-03-23,CHB01,ชลบุรี,ชลบุรี,0.0
2025-03-24,CHB01,ชลบุรี,ชลบุรี,0.0
2025-03-25,CHB01,ชลบุรี,ชลบุรี,0.0
2025-03-26,CHB01,ชลบุรี,ชลบุรี,0.0
2025-03-27,CHB01,ชลบุรี,ชลบุรี,0.0
2025-03-28,CHB01,ชลบุรี,ชลบุรี,6.2
2025-03-29,CHB01,ชลบุรี,ชลบุรี,0.0
2025-03-30,CHB01,ชลบุรี,ชลบุรี,0.0
2025-03-31,CHB01,ชลบุรี,ชลบุรี,0.0
2025-04-01,CHB01,ชลบุรี,ชลบุรี,0.0
2025-04-02,CHB01,ชลบุรี,ชลบุรี,0.0
2025-04-03,CHB01,ชลบุรี,ชลบุรี,1.8
2025-04-04,CHB01,ชลบุรี,ชลบุรี,0.0
2025-04-05,CHB01,ชลบุรี,ชลบุรี,0.0
2025-04-06,CHB01,ชลบุรี,ชลบุรี,0.0
2025-04-07,CHB01,ชลบุรี,ชลบุรี,0.0
2025-04-08,CHB01,ชลบุรี,ชลบุรี,0.0
2025-04-09,CHB01,ชลบุรี,ชลบุรี,0.0
2025-04-10,CHB01,ชลบุรี,ชลบุรี,0.0
2025-04-11,CHB01,ชลบุรี,ชลบุรี,0.0
2025-04-12,CHB01,ชลบุรี,ชลบุรี,2.3
2025-04-13,CHB01,ชลบุรี,ชลบุรี,0.0
2025-04-14,CHB01,ชลบุรี,ชลบุรี,0.0
2025-04-15,CHB01,ชลบุรี,ชลบุรี,0.0
2025-04-16,CHB01,ชลบุรี,ชลบุรี,0.0
2025-04-17,CHB01,ชลบุรี,ชลบุรี,0.0
2025-04-18,CHB01,ชลบุรี,ชลบุรี,0.0
2025-04-19,CHB01,ชลบุรี,ชลบุรี,0.0
2025-04-20,CHB01,ชลบุรี,ชลบุรี,0.0
2025-04-21,CHB01,ชลบุรี,ชลบุรี,0.0
2025-04-22,CHB01,ชลบุรี,ชลบุรี,1.8
2025-04-23,CHB01,ชลบุรี,ชลบุรี,0.0
2025-04-24,CHB01,ชลบุรี,ชลบุรี,0.0
2025-04-25,CHB01,ชลบุรี,ชลบุรี,0.0
2025-04-26,CHB01,ชลบุรี,ชลบุรี,0.0
2025-04-27,CHB01,ชลบุรี,ชลบุรี,0.0
2025-04-28,CHB01,ชลบุรี,ชลบุรี,0.0
2025-04-29,CHB01,ชลบุรี,ชลบุรี,0.0
2025-04-30,CHB01,ชลบุรี,ชลบุรี,0.6
2025-05-01,CHB01,ชลบุรี,ชลบุรี,7.3
2025-05-02,CHB01,ชลบุรี,ชลบุรี,0.0
2025-05-03,CHB01,ชลบุรี,ชลบุรี,10.3
2025-05-04,CHB01,ชลบุรี,ชลบุรี,22.8
2025-05-05,CHB01,ชลบุรี,ชลบุรี,0.2
2025-05-06,CHB01,ชลบุรี,ชลบุรี,0.0
2025-05-07,CHB01,ชลบุรี,ชลบุรี,0.0
2025-05-08,CHB01,ชลบุรี,ชลบุรี,12.2
2025-05-09,CHB01,ชลบุรี,ชลบุรี,0.0
2025-05-10,CHB01,ชลบุรี,ชลบุรี,0.0
2025-05-11,CHB01,ชลบุรี,ชลบุรี,3.5
2025-05-12,CHB01,ชลบุรี,ชลบุรี,0.0
2025-05-13,CHB01,ชลบุรี,ชลบุรี,0.0
2025-05-14,CHB01,ชลบุรี,ชลบุรี,0.0
2025-05-15,CHB01,ชลบุรี,ชลบุรี,11.5
2025-05-16,CHB01,ชลบุรี,ชลบุรี,42.0
2025-05-17,CHB01,ชลบุรี,ชลบุรี,0.0
2025-05-18,CHB01,ชลบุรี,ชลบุรี,6.2
2025-05-19,CHB01,ชลบุรี,ชลบุรี,0.0
2025-05-20,CHB01,ชลบุรี,ชลบุรี,0.3
2025-05-21,CHB01,ชลบุรี,ชลบุรี,2.3
2025-05-22,CHB01,ชลบุรี,ชลบุรี,0.0
2025-05-23,CHB01,ชลบุรี,ชลบุรี,17.6
2025-05-24,CHB01,ชลบุรี,ชลบุรี,0.0
2025-05-25,CHB01,ชลบุรี,ชลบุรี,0.0
2025-05-26,CHB01,ชลบุรี,ชลบุรี,0.0
2025-05-27,CHB01,ชลบุรี,ชลบุรี,12.9
2025-05-28,CHB01,ชลบุรี,ชลบุรี,1.1
2025-05-29,CHB01,ชลบุรี,ชลบุรี,0.0
2025-05-30,CHB01,ชลบุรี,ชลบุรี,2.9
2025-05-31,CHB01,ชลบุรี,ชลบุรี,5.6
2025-06-01,CHB01,ชลบุรี,ชลบุรี,0.0
2025-06-02,CHB01,ชลบุรี,ชลบุรี,19.7
2025-06-03,CHB01,ชลบุรี,ชลบุรี,0.0
2025-06-04,CHB01,ชลบุรี,ชลบุรี,13.7
2025-06-05,CHB01,ชลบุรี,ชลบุรี,17.1
2025-06-06,CHB01,ชลบุรี,ชลบุรี,0.6
2025-06-07,CHB01,ชลบุรี,ชลบุรี,0.0
2025-06-08,CHB01,ชลบุรี,ชลบุรี,6.5
2025-06-09,CHB01,ชลบุรี,ชลบุรี,14.3
2025-06-10,CHB01,ชลบุรี,ชลบุรี,0.0
2025-06-11,CHB01,ชลบุรี,ชลบุรี,7.7
2025-06-12,CHB01,ชลบุรี,ชลบุรี,5.3
2025-06-13,CHB01,ชลบุรี,ชลบุรี,0.0
2025-06-14,CHB01,ชลบุรี,ชลบุรี,0.0
2025-06-15,CHB01,ชลบุรี,ชลบุรี,0.0
2025-06-16,CHB01,ชลบุรี,ชลบุรี,0.0
2025-06-17,CHB01,ชลบุรี,ชลบุรี,0.1
2025-06-18,CHB01,ชลบุรี,ชลบุรี,0.0
2025-06-19,CHB01,ชลบุรี,ชลบุรี,2.3
2025-06-20,CHB01,ชลบุรี,ชลบุรี,0.6
2025-06-21,CHB01,ชลบุรี,ชลบุรี,0.0
2025-06-22,CHB01,ชลบุรี,ชลบุรี,0.0
2025-06-23,CHB01,ชลบุรี,ชลบุรี,0.0
2025-06-24,CHB01,ชลบุรี,ชลบุรี,0.0
2025-06-25,CHB01,ชลบุรี,ชลบุรี,0.0
2025-06-26,CHB01,ชลบุรี,ชลบุรี,13.0
2025-06-27,CHB01,ชลบุรี,ชลบุรี,10.3
2025-06-28,CHB01,ชลบุรี,ชลบุรี,27.1
2025-06-29,CHB01,ชลบุรี,ชลบุรี,0.0
2025-06-30,CHB01,ชลบุรี,ชลบุรี,0.0
2025-07-01,CHB01,ชลบุรี,ชลบุรี,0.0
2025-07-02,CHB01,ชลบุรี,ชลบุรี,18.4
2025-07-03,CHB01,ชลบุรี,ชลบุรี,0.0
2025-07-04,CHB01,ชลบุรี,ชลบุรี,0.0
2025-07-05,CHB01,ชลบุรี,ชลบุรี,0.0
2025-07-06,CHB01,ชลบุรี,ชลบุรี,0.0
2025-07-07,CHB01,ชลบุรี,ชลบุรี,0.0
2025-07-08,CHB01,ชลบุรี,ชลบุรี,9.1
2025-07-09,CHB01,ชลบุรี,ชลบุรี,0.0
2025-07-10,CHB01,ชลบุรี,ชลบุรี,1.1
2025-07-11,CHB01,ชลบุรี,ชลบุรี,0.0
2025-07-12,CHB01,ชลบุรี,ชลบุรี,0.0
2025-07-13,CHB01,ชลบุรี,ชลบุรี,1.5
2025-07-14,CHB01,ชลบุรี,ชลบุรี,0.0
2025-07-15,CHB01,ชลบุรี,ชลบุรี,0.0
2025-07-16,CHB01,ชลบุรี,ชลบุรี,0.0
2025-07-17,CHB01,ชลบุรี,ชลบุรี,0.0
2025-07-18,CHB01,ชลบุรี,ชลบุรี,5.1
2025-07-19,CHB01,ชลบุรี,ชลบุรี,0.0
2025-07-20,CHB01,ชลบุรี,ชลบุรี,0.0
2025-07-21,CHB01,ชลบุรี,ชลบุรี,8.1
2025-07-22,CHB01,ชลบุรี,ชลบุรี,0.0
2025-07-23,CHB01,ชลบุรี,ชลบุรี,4.5
2025-07-24,CHB01,ชลบุรี,ชลบุรี,5.1
2025-07-25,CHB01,ชลบุรี,ชลบุรี,12.5
2025-07-26,CHB01,ชลบุรี,ชลบุรี,0.0
2025-07-27,CHB01,ชลบุรี,ชลบุรี,0.0
2025-07-28,CHB01,ชลบุรี,ชลบุรี,29.4
2025-07-29,CHB01,ชลบุรี,ชลบุรี,2.7
2025-07-30,CHB01,ชลบุรี,ชลบุรี,0.0
2025-07-31,CHB01,ชลบุรี,ชลบุรี,0.0
2025-08-01,CHB01,ชลบุรี,ชลบุรี,0.0
2025-08-02,CHB01,ชลบุรี,ชลบุรี,0.0
2025-08-03,CHB01,ชลบุรี,ชลบุรี,0.0
2025-08-04,CHB01,ชลบุรี,ชลบุรี,0.0
2025-08-05,CHB01,ชลบุรี,ชลบุรี,40.0
2025-08-06,CHB01,ชลบุรี,ชลบุรี,0.0
2025-08-07,CHB01,ชลบุรี,ชลบุรี,8.4
2025-08-08,CHB01,ชลบุรี,ชลบุรี,2.1
2025-08-09,CHB01,ชลบุรี,ชลบุรี,3.4
2025-08-10,CHB01,ชลบุรี,ชลบุรี,1.6
2025-08-11,CHB01,ชลบุรี,ชลบุรี,0.0
2025-08-12,CHB01,ชลบุรี,ชลบุรี,0.0
2025-08-13,CHB01,ชลบุรี,ชลบุรี,6.0
2025-08-14,CHB01,ชลบุรี,ชลบุรี,0.0
2025-08-15,CHB01,ชลบุรี,ชลบุรี,0.0
2025-08-16,CHB01,ชลบุรี,ชลบุรี,0.0
2025-08-17,CHB01,ชลบุรี,ชลบุรี,0.0
2025-08-18,CHB01,ชลบุรี,ชลบุรี,0.0
2025-08-19,CHB01,ชลบุรี,ชลบุรี,0.0
2025-08-20,CHB01,ชลบุรี,ชลบุรี,0.0
2025-08-21,CHB01,ชลบุรี,ชลบุรี,0.0
2025-08-22,CHB01,ชลบุรี,ชลบุรี,5.8
2025-08-23,CHB01,ชลบุรี,ชลบุรี,5.6
2025-08-24,CHB01,ชลบุรี,ชลบุรี,1.0
2025-08-25,CHB01,ชลบุรี,ชลบุรี,9.2
2025-08-26,CHB01,ชลบุรี,ชลบุรี,20.7
2025-08-27,CHB01,ชลบุรี,ชลบุรี,2.4
2025-08-28,CHB01,ชลบุรี,ชลบุรี,0.0
2025-08-29,CHB01,ชลบุรี,ชลบุรี,0.0
2025-08-30,CHB01,ชลบุรี,ชลบุรี,3.2
2025-08-31,CHB01,ชลบุรี,ชลบุรี,0.0
2025-09-01,CHB01,ชลบุรี,ชลบุรี,0.0
2025-09-02,CHB01,ชลบุรี,ชลบุรี,0.0
2025-09-03,CHB01,ชลบุรี,ชลบุรี,2.7
2025-09-04,CHB01,ชลบุรี,ชลบุรี,0.2
2025-09-05,CHB01,ชลบุรี,ชลบุรี,5.8
2025-09-06,CHB01,ชลบุรี,ชลบุรี,0.0
2025-09-07,CHB01,ชลบุรี,ชลบุรี,0.0
2025-09-08,CHB01,ชลบุรี,ชลบุรี,9.9
2025-09-09,CHB01,ชลบุรี,ชลบุรี,0.0
2025-09-10,CHB01,ชลบุรี,ชลบุรี,0.0
2025-09-11,CHB01,ชลบุรี,ชลบุรี,30.1
2025-09-12,CHB01,ชลบุรี,ชลบุรี,0.0
2025-09-13,CHB01,ชลบุรี,ชลบุรี,0.0
2025-09-14,CHB01,ชลบุรี,ชลบุรี,118.6
2025-09-15,CHB01,ชลบุรี,ชลบุรี,14.8
2025-09-16,CHB01,ชลบุรี,ชลบุรี,1.6
2025-09-17,CHB01,ชลบุรี,ชลบุรี,25.9
2025-09-18,CHB01,ชลบุรี,ชลบุรี,7.9
2025-09-19,CHB01,ชลบุรี,ชลบุรี,0.0
2025-09-20,CHB01,ชลบุรี,ชลบุรี,0.0
2025-09-21,CHB01,ชลบุรี,ชลบุรี,0.0
2025-09-22,CHB01,ชลบุรี,ชลบุรี,17.2
2025-09-23,CHB01,ชลบุรี,ชลบุรี,0.0
2025-09-24,CHB01,ชลบุรี,ชลบุรี,0.3
2025-09-25,CHB01,ชลบุรี,ชลบุรี,33.3
2025-09-26,CHB01,ชลบุรี,ชลบุรี,19.9
2025-09-27,CHB01,ชลบุรี,ชลบุรี,0.0
2025-09-28,CHB01,ชลบุรี,ชลบุรี,8.4
2025-09-29,CHB01,ชลบุรี,ชลบุรี,57.8
2025-09-30,CHB01,ชลบุรี,ชลบุรี,7.3
2025-10-01,CHB01,ชลบุรี,ชลบุรี,5.4
2025-10-02,CHB01,ชลบุรี,ชลบุรี,96.4
2025-10-03,CHB01,ชลบุรี,ชลบุรี,0.0
2025-10-04,CHB01,ชลบุรี,ชลบุรี,0.0
2025-10-05,CHB01,ชลบุรี,ชลบุรี,0.0
2025-10-06,CHB01,ชลบุรี,ชลบุรี,2.7
2025-10-07,CHB01,ชลบุรี,ชลบุรี,0.0
2025-10-08,CHB01,ชลบุรี,ชลบุรี,0.0
2025-10-09,CHB01,ชลบุรี,ชลบุรี,0.0
2025-10-10,CHB01,ชลบุรี,ชลบุรี,0.6
2025-10-11,CHB01,ชลบุรี,ชลบุรี,0.0
2025-10-12,CHB01,ชลบุรี,ชลบุรี,2.5
2025-10-13,CHB01,ชลบุรี,ชลบุรี,29.2
2025-10-14,CHB01,ชลบุรี,ชลบุรี,13.3
2025-10-15,CHB01,ชลบุรี,ชลบุรี,0.0
2025-10-16,CHB01,ชลบุรี,ชลบุรี,0.0
2025-10-17,CHB01,ชลบุรี,ชลบุรี,0.0
2025-10-18,CHB01,ชลบุรี,ชลบุรี,0.0
2025-10-19,CHB01,ชลบุรี,ชลบุรี,0.0
2025-10-20,CHB01,ชลบุรี,ชลบุรี,29.4
2025-10-21,CHB01,ชลบุรี,ชลบุรี,0.0
2025-10-22,CHB01,ชลบุรี,ชลบุรี,0.0
2025-10-23,CHB01,ชลบุรี,ชลบุรี,0.0
2025-10-24,CHB01,ชลบุรี,ชลบุรี,0.0
2025-10-25,CHB01,ชลบุรี,ชลบุรี,0.0
2025-10-26,CHB01,ชลบุรี,ชลบุรี,0.0
2025-10-27,CHB01,ชลบุรี,ชลบุรี,0.0
2025-10-28,CHB01,ชลบุรี,ชลบุรี,0.0
2025-10-29,CHB01,ชลบุรี,ชลบุรี,0.0
2025-10-30,CHB01,ชลบุรี,ชลบุรี,0.0
2025-10-31,CHB01,ชลบุรี,ชลบุรี,1.9
2025-11-01,CHB01,ชลบุรี,ชลบุรี,0.0
2025-11-02,CHB01,ชลบุรี,ชลบุรี,0.0
2025-11-03,CHB01,ชลบุรี,ชลบุรี,0.0
2025-11-04,CHB01,ชลบุรี,ชลบุรี,0.0
2025-11-05,CHB01,ชลบุรี,ชลบุรี,0.0
2025-11-06,CHB01,ชลบุรี,ชลบุรี,0.0
2025-11-07,CHB01,ชลบุรี,ชลบุรี,0.0
2025-11-08,CHB01,ชลบุรี,ชลบุรี,0.0
2025-11-09,CHB01,ชลบุรี,ชลบุรี,0.0
2025-11-10,CHB01,ชลบุรี,ชลบุรี,0.0
2025-11-11,CHB01,ชลบุรี,ชลบุรี,0.0
2025-11-12,CHB01,ชลบุรี,ชลบุรี,0.0
2025-11-13,CHB01,ชลบุรี,ชลบุรี,0.0
2025-11-14,CHB01,ชลบุรี,ชลบุรี,0.0
2025-11-15,CHB01,ชลบุรี,ชลบุรี,0.0
2025-11-16,CHB01,ชลบุรี,ชลบุรี,0.0
2025-11-17,CHB01,ชลบุรี,ชลบุรี,1.9
2025-11-18,CHB01,ชลบุรี,ชลบุรี,4.5
2025-11-19,CHB01,ชลบุรี,ชลบุรี,3.4
2025-11-20,CHB01,ชลบุรี,ชลบุรี,0.0
2025-11-21,CHB01,ชลบุรี,ชลบุรี,2.4
2025-11-22,CHB01,ชลบุรี,ชลบุรี,0.9
2025-11-23,CHB01,ชลบุรี,ชลบุรี,0.0
2025-11-24,CHB01,ชลบุรี,ชลบุรี,0.0
2025-11-25,CHB01,ชลบุรี,ชลบุรี,1.0
2025-11-26,CHB01,ชลบุรี,ชลบุรี,2.9
2025-11-27,CHB01,ชลบุรี,ชลบุรี,0.0
2025-11-28,CHB01,ชลบุรี,ชลบุรี,0.0
2025-11-29,CHB01,ชลบุรี,ชลบุรี,0.0
2025-11-30,CHB01,ชลบุรี,ชลบุรี,0.0
2025-12-01,CHB01,ชลบุรี,ชลบุรี,0.0
2025-12-02,CHB01,ชลบุรี,ชลบุรี,0.0
2025-12-03,CHB01,ชลบุรี,ชลบุรี,0.0
2025-12-04,CHB01,ชลบุรี,ชลบุรี,0.0
2025-12-05,CHB01,ชลบุรี,ชลบุรี,0.0
2025-12-06,CHB01,ชลบุรี,ชลบุรี,0.0
2025-12-07,CHB01,ชลบุรี,ชลบุรี,0.0
2025-12-08,CHB01,ชลบุรี,ชลบุรี,0.0
2025-12-09,CHB01,ชลบุรี,ชลบุรี,0.0
2025-12-10,CHB01,ชลบุรี,ชลบุรี,0.0
2025-12-11,CHB01,ชลบุรี,ชลบุรี,0.0
2025-12-12,CHB01,ชลบุรี,ชลบุรี,0.0
2025-12-13,CHB01,ชลบุรี,ชลบุรี,0.0
2025-12-14,CHB01,ชลบุรี,ชลบุรี,0.0
2025-12-15,CHB01,ชลบุรี,ชลบุรี,0.0
2025-12-16,CHB01,ชลบุรี,ชลบุรี,0.0
2025-12-17,CHB01,ชลบุรี,ชลบุรี,0.0
2025-12-18,CHB01,ชลบุรี,ชลบุรี,0.0
2025-12-19,CHB01,ชลบุรี,ชลบุรี,0.0
2025-12-20,CHB01,ชลบุรี,ชลบุรี,0.0
2025-12-21,CHB01,ชลบุรี,ชลบุรี,0.0
2025-12-22,CHB01,ชลบุรี,ชลบุรี,0.0
2025-12-23,CHB01,ชลบุรี,ชลบุรี,0.0
2025-12-24,CHB01,ชลบุรี,ชลบุรี,0.0
2025-12-25,CHB01,ชลบุรี,ชลบุรี,0.0
2025-12-26,CHB01,ชลบุรี,ชลบุรี,0.0
2025-12-27,CHB01,ชลบุรี,ชลบุรี,0.0
2025-12-28,CHB01,ชลบุรี,ชลบุรี,0.0
2025-12-29,CHB01,ชลบุรี,ชลบุรี,0.0
2025-12-30,CHB01,ชลบุรี,ชลบุรี,0.0
2025-12-31,CHB01,ชลบุรี,ชลบุรี,0.0
2025-01-01,SRC01,เกาะสีชัง,ชลบุรี,0.7
2025-01-02,SRC01,เกาะสีชัง,ชลบุรี,0.0
2025-01-03,SRC01,เกาะสีชัง,ชลบุรี,0.0
2025-01-04,SRC01,เกาะสีชัง,ชลบุรี,1.5
2025-01-05,SRC01,เกาะสีชัง,ชลบุรี,0.0
2025-01-06,SRC01,เกาะสีชัง,ชลบุรี,0.0
2025-01-07,SRC01,เกาะสีชัง,ชลบุรี,0.0
2025-01-08,SRC01,เกาะสีชัง,ชลบุรี,0.0
2025-01-09,SRC01,เกาะสีชัง,ชลบุรี,0.0
2025-01-10,SRC01,เกาะสีชัง,ชลบุรี,0.0
2025-01-11,SRC01,เกาะสีชัง,ชลบุรี,0.0
2025-01-12,SRC01,เกาะสีชัง,ชลบุรี,0.0
2025-01-13,SRC01,เกาะสีชัง,ชลบุรี,2.6
2025-01-14,SRC01,เกาะสีชัง,ชลบุรี,0.0
2025-01-15,SRC01,เกาะสีชัง,ชลบุรี,0.0
2025-01-16,SRC01,เกาะสีชัง,ชลบุรี,0.0
2025-01-17,SRC01,เกาะสีชัง,ชลบุรี,0.0
2025-01-18,SRC01,เกาะสีชัง,ชลบุรี,0.0
2025-01-19,SRC01,เกาะสีชัง,ชลบุรี,0.0
2025-01-20,SRC01,เกาะสีชัง,ชลบุรี,0.0
2025-01-21,SRC01,เกาะสีชัง,ชลบุรี,0.0
2025-01-22,SRC01,เกาะสีชัง,ชลบุรี,0.0
2025-01-23,SRC01,เกาะสีชัง,ชลบุรี,0.0
2025-01-24,SRC01,เกาะสีชัง,ชลบุรี,0.0
2025-01-25,SRC01,เกาะสีชัง,ชลบุรี,0.0
2025-01-26,SRC01,เกาะสีชัง,ชลบุรี,0.0
2025-01-27,SRC01,เกาะสีชัง,ชลบุรี,0.0
2025-01-28,SRC01,เกาะสีชัง,ชลบุรี,0.0
2025-01-29,SRC01,เกาะสีชัง,ชลบุรี,0.0
2025-01-30,SRC01,เกาะสีชัง,ชลบุรี,0.0
2025-01-31,SRC01,เกาะสีชัง,ชลบุรี,0.0
2025-02-01,SRC01,เกาะสีชัง,ชลบุรี,0.0
2025-02-02,SRC01,เกาะสีชัง,ชลบุรี,0.0
2025-02-03,SRC01,เกาะสีชัง,ชลบุรี,0.0
2025-02-04,SRC01,เกาะสีชัง,ชลบุรี,0.0
2025-02-05,SRC01,เกาะสีชัง,ชลบุรี,0.0
2025-02-06,SRC01,เกาะสีชัง,ชลบุรี,0.0
2025-02-07,SRC01,เกาะสีชัง,ชลบุรี,0.0
2025-02-08,SRC01,เกาะสีชัง,ชลบุรี,0.0
2025-02-09,SRC01,เกาะสีชัง,ชลบุรี,0.0
2025-02-10,SRC01,เกาะสีชัง,ชลบุรี,0.0
2025-02-11,SRC01,เกาะสีชัง,ชลบุรี,0.0
2025-02-12,SRC01,เกาะสีชัง,ชลบุรี,0.0
2025-02-13,SRC01,เกาะสีชัง,ชลบุรี,0.0
2025-02-14,SRC01,เกาะสีชัง,ชลบุรี,0.0
2025-02-15,SRC01,เกาะสีชัง,ชลบุรี,0.0
2025-02-16,SRC01,เกาะสีชัง,ชลบุรี,0.0
2025-02-17,SRC01,เกาะสีชัง,ชลบุรี,0.0
2025-02-18,SRC01,เกาะสีชัง,ชลบุรี,0.0
2025-02-19,SRC01,เกาะสีชัง,ชลบุรี,0.0
2025-02-20,SRC01,เกาะสีชัง,ชลบุรี,0.0
2025-02-21,SRC01,เกาะสีชัง,ชลบุรี,0.0
2025-02-22,SRC01,เกาะสีชัง,ชลบุรี,0.0
2025-02-23,SRC01,เกาะสีชัง,ชลบุรี,0.0
2025-02-24,SRC01,เกาะสีชัง,ชลบุรี,0.0
2025-02-25,SRC01,เกาะสีชัง,ชลบุรี,0.0
2025-02-26,SRC01,เกาะสีชัง,ชลบุรี,0.0
2025-02-27,SRC01,เกาะสีชัง,ชลบุรี,0.0
2025-02-28,SRC01,เกาะสีชัง,ชลบุรี,0.0
2025-03-01,SRC01,เกาะสีชัง,ชลบุรี,0.0
2025-03-02,SRC01,เกาะสีชัง,ชลบุรี,0.0
2025-03-03,SRC01,เกาะสีชัง,ชลบุรี,2.1
2025-03-04,SRC01,เกาะสีชัง,ชลบุรี,0.0
2025-03-05,SRC01,เกาะสีชัง,ชลบุรี,0.0
2025-03-06,SRC01,เกาะสีชัง,ชลบุรี,0.0
2025-03-07,SRC01,เกาะสีชัง,ชลบุรี,0.0
2025-03-08,SRC01,เกาะสีชัง,ชลบุรี,0.0
2025-03-09,SRC01,เกาะสีชัง,ชลบุรี,6.5
2025-03-10,SRC01,เกาะสีชัง,ชลบุรี,0.0
2025-03-11,SRC01,เกาะสีชัง,ชลบุรี,0.0
2025-03-12,SRC01,เกาะสีชัง,ชลบุรี,0.0
2025-03-13,SRC01,เกาะสีชัง,ชลบุรี,1.2
2025-03-14,SRC01,เกาะสีชัง,ชลบุรี,0.0
2025-03-15,SRC01,เกาะสีชัง,ชลบุรี,0.0
2025-03-16,SRC01,เกาะสีชัง,ชลบุรี,0.0
2025-03-17,SRC01,เกาะสีชัง,ชลบุรี,0.0
2025-03-18,SRC01,เกาะสีชัง,ชลบุรี,0.0
2025-03-19,SRC01,เกาะสีชัง,ชลบุรี,0.0
2025-03-20,SRC01,เกาะสีชัง,ชลบุรี,0.0
2025-03-21,SRC01,เกาะสีชัง,ชลบุรี,0.0
2025-03-22,SRC01,เกาะสีชัง,ชลบุรี,0.0
2025-03-23,SRC01,เกาะสีชัง,ชลบุรี,0.0
2025-03-24,SRC01,เกาะสีชัง,ชลบุรี,0.0
2025-03-25,SRC01,เกาะสีชัง,ชลบุรี,0.0
2025-03-26,SRC01,เกาะสีชัง,ชลบุรี,0.0
2025-03-27,SRC01,เกาะสีชัง,ชลบุรี,0.0
2025-03-28,SRC01,เกาะสีชัง,ชลบุรี,0.0
2025-03-29,SRC01,เกาะสีชัง,ชลบุรี,0.0
2025-03-30,SRC01,เกาะสีชัง,ชลบุรี,0.0
2025-03-31,SRC01,เกาะสีชัง,ชลบุรี,0.0
2025-04-01,SRC01,เกาะสีชัง,ชลบุรี,0.0
2025-04-02,SRC01,เกาะสีชัง,ชลบุรี,0.0
2025-04-03,SRC01,เกาะสีชัง,ชลบุรี,0.0
2025-04-04,SRC01,เกาะสีชัง,ชลบุรี,0.0
2025-04-05,SRC01,เกาะสีชัง,ชลบุรี,0.0
2025-04-06,SRC01,เกาะสีชัง,ชลบุรี,0.0
2025-04-07,SRC01,เกาะสีชัง,ชลบุรี,0.0
2025-04-08,SRC01,เกาะสีชัง,ชลบุรี,0.0
2025-04-09,SRC01,เกาะสีชัง,ชลบุรี,0.0
2025-04-10,SRC01,เกาะสีชัง,ชลบุรี,0.0
2025-04-11,SRC01,เกาะสีชัง,ชลบุรี,0.0
2025-04-12,SRC01,เกาะสีชัง,ชลบุรี,19.7
2025-04-13,SRC01,เกาะสีชัง,ชลบุรี,0.0
2025-04-14,SRC01,เกาะสีชัง,ชลบุรี,6.0
2025-04-15,SRC01,เกาะสีชัง,ชลบุรี,1.8
2025-04-16,SRC01,เกาะสีชัง,ชลบุรี,0.0
2025-04-17,SRC01,เกาะสีชัง,ชลบุรี,0.0
2025-04-18,SRC01,เกาะสีชัง,ชลบุรี,6.2
2025-04-19,SRC01,เกาะสีชัง,ชลบุรี,0.9
2025-04-20,SRC01,เกาะสีชัง,ชลบุรี,0.0
2025-04-21,SRC01,เกาะสีชัง,ชลบุรี,0.0
2025-04-22,SRC01,เกาะสีชัง,ชลบุรี,0.0
2025-04-23,SRC01,เกาะสีชัง,ชลบุรี,0.0
2025-04-24,SRC01,เกาะสีชัง,ชลบุรี,0.0
2025-04-25,SRC01,เกาะสีชัง,ชลบุรี,6.1
2025-04-26,SRC01,เกาะสีชัง,ชลบุรี,0.0
2025-04-27,SRC01,เกาะสีชัง,ชลบุรี,0.0
2025-04-28,SRC01,เกาะสีชัง,ชลบุรี,0.0
2025-04-29,SRC01,เกาะสีชัง,ชลบุรี,0.0
2025-04-30,SRC01,เกาะสีชัง,ชลบุรี,0.0
2025-05-01,SRC01,เกาะสีชัง,ชลบุรี,10.8
2025-05-02,SRC01,เกาะสีชัง,ชลบุรี,5.5
2025-05-03,SRC01,เกาะสีชัง,ชลบุรี,0.2
2025-05-04,SRC01,เกาะสีชัง,ชลบุรี,0.0
2025-05-05,SRC01,เกาะสีชัง,ชลบุรี,0.0
2025-05-06,SRC01,เกาะสีชัง,ชลบุรี,7.1
2025-05-07,SRC01,เกาะสีชัง,ชลบุรี,0.0
2025-05-08,SRC01,เกาะสีชัง,ชลบุรี,12.2
2025-05-09,SRC01,เกาะสีชัง,ชลบุรี,0.0
2025-05-10,SRC01,เกาะสีชัง,ชลบุรี,0.0
2025-05-11,SRC01,เกาะสีชัง,ชลบุรี,6.8
2025-05-12,SRC01,เกาะสีชัง,ชลบุรี,0.0
2025-05-13,SRC01,เกาะสีชัง,ชลบุรี,0.0
2025-05-14,SRC01,เกาะสีชัง,ชลบุรี,2.0
2025-05-15,SRC01,เกาะสีชัง,ชลบุรี,9.1
2025-05-16,SRC01,เกาะสีชัง,ชลบุรี,1.6
2025-05-17,SRC01,เกาะสีชัง,ชลบุรี,0.0
2025-05-18,SRC01,เกาะสีชัง,ชลบุรี,0.0
2025-05-19,SRC01,เกาะสีชัง,ชลบุรี,1.5
2025-05-20,SRC01,เกาะสีชัง,ชลบุรี,0.0
2025-05-21,SRC01,เกาะสีชัง,ชลบุรี,0.0
2025-05-22,SRC01,เกาะสีชัง,ชลบุรี,34.7
2025-05-23,SRC01,เกาะสีชัง,ชลบุรี,0.0
2025-05-24,SRC01,เกาะสีชัง,ชลบุรี,0.0
2025-05-25,SRC01,เกาะสีชัง,ชลบุรี,3.2
2025-05-26,SRC01,เกาะสีชัง,ชลบุรี,0.0
2025-05-27,SRC01,เกาะสีชัง,ชลบุรี,0.0
2025-05-28,SRC01,เกาะสีชัง,ชลบุรี,0.0
2025-05-29,SRC01,เกาะสีชัง,ชลบุรี,0.0
2025-05-30,SRC01,เกาะสีชัง,ชลบุรี,0.0
2025-05-31,SRC01,เกาะสีชัง,ชลบุรี,0.0
2025-06-01,SRC01,เกาะสีชัง,ชลบุรี,0.0
2025-06-02,SRC01,เกาะสีชัง,ชลบุรี,7.6
2025-06-03,SRC01,เกาะสีชัง,ชลบุรี,1.0
2025-06-04,SRC01,เกาะสีชัง,ชลบุรี,0.0
2025-06-05,SRC01,เกาะสีชัง,ชลบุรี,0.0
2025-06-06,SRC01,เกาะสีชัง,ชลบุรี,0.0
2025-06-07,SRC01,เกาะสีชัง,ชลบุรี,0.0
2025-06-08,SRC01,เกาะสีชัง,ชลบุรี,0.0
2025-06-09,SRC01,เกาะสีชัง,ชลบุรี,4.8
2025-06-10,SRC01,เกาะสีชัง,ชลบุรี,3.7
2025-06-11,SRC01,เกาะสีชัง,ชลบุรี,0.1
2025-06-12,SRC01,เกาะสีชัง,ชลบุรี,0.0
2025-06-13,SRC01,เกาะสีชัง,ชลบุรี,21.9
2025-06-14,SRC01,เกาะสีชัง,ชลบุรี,0.1
2025-06-15,SRC01,เกาะสีชัง,ชลบุรี,0.0
2025-06-16,SRC01,เกาะสีชัง,ชลบุรี,5.0
2025-06-17,SRC01,เกาะสีชัง,ชลบุรี,2.4
2025-06-18,SRC01,เกาะสีชัง,ชลบุรี,0.0
2025-06-19,SRC01,เกาะสีชัง,ชลบุรี,1.9
2025-06-20,SRC01,เกาะสีชัง,ชลบุรี,5.4
2025-06-21,SRC01,เกาะสีชัง,ชลบุรี,0.0
2025-06-22,SRC01,เกาะสีชัง,ชลบุรี,7.6
2025-06-23,SRC01,เกาะสีชัง,ชลบุรี,0.0
2025-06-24,SRC01,เกาะสีชัง,ชลบุรี,1.6
2025-06-25,SRC01,เกาะสีชัง,ชลบุรี,0.0
2025-06-26,SRC01,เกาะสีชัง,ชลบุรี,16.8
2025-06-27,SRC01,เกาะสีชัง,ชลบุรี,0.0
2025-06-28,SRC01,เกาะสีชัง,ชลบุรี,0.0
2025-06-29,SRC01,เกาะสีชัง,ชลบุรี,0.0
2025-06-30,SRC01,เกาะสีชัง,ชลบุรี,28.7
2025-07-01,SRC01,เกาะสีชัง,ชลบุรี,0.0
2025-07-02,SRC01,เกาะสีชัง,ชลบุรี,13.6
2025-07-03,SRC01,เกาะสีชัง,ชลบุรี,0.0
2025-07-04,SRC01,เกาะสีชัง,ชลบุรี,0.0
2025-07-05,SRC01,เกาะสีชัง,ชลบุรี,0.0
2025-07-06,SRC01,เกาะสีชัง,ชลบุรี,0.0
2025-07-07,SRC01,เกาะสีชัง,ชลบุรี,0.0
2025-07-08,SRC01,เกาะสีชัง,ชลบุรี,0.0
2025-07-09,SRC01,เกาะสีชัง,ชลบุรี,1.2
2025-07-10,SRC01,เกาะสีชัง,ชลบุรี,0.0
2025-07-11,SRC01,เกาะสีชัง,ชลบุรี,10.5
2025-07-12,SRC01,เกาะสีชัง,ชลบุรี,9.4
2025-07-13,SRC01,เกาะสีชัง,ชลบุรี,0.0
2025-07-14,SRC01,เกาะสีชัง,ชลบุรี,6.3
2025-07-15,SRC01,เกาะสีชัง,ชลบุรี,1.7
2025-07-16,SRC01,เกาะสีชัง,ชลบุรี,0.0
2025-07-17,SRC01,เกาะสีชัง,ชลบุรี,1.7
2025-07-18,SRC01,เกาะสีชัง,ชลบุรี,1.4
2025-07-19,SRC01,เกาะสีชัง,ชลบุรี,2.7
2025-07-20,SRC01,เกาะสีชัง,ชลบุรี,0.0
2025-07-21,SRC01,เกาะสีชัง,ชลบุรี,1.6
2025-07-22,SRC01,เกาะสีชัง,ชลบุรี,0.0
2025-07-23,SRC01,เกาะสีชัง,ชลบุรี,0.0
2025-07-24,SRC01,เกาะสีชัง,ชลบุรี,0.0
2025-07-25,SRC01,เกาะสีชัง,ชลบุรี,10.4
2025-07-26,SRC01,เกาะสีชัง,ชลบุรี,3.6
2025-07-27,SRC01,เกาะสีชัง,ชลบุรี,0.0
2025-07-28,SRC01,เกาะสีชัง,ชลบุรี,2.1
2025-07-29,SRC01,เกาะสีชัง,ชลบุรี,16.6
2025-07-30,SRC01,เกาะสีชัง,ชลบุรี,7.2
2025-07-31,SRC01,เกาะสีชัง,ชลบุรี,0.0
2025-08-01,SRC01,เกาะสีชัง,ชลบุรี,1.0
2025-08-02,SRC01,เกาะสีชัง,ชลบุรี,0.0
2025-08-03,SRC01,เกาะสีชัง,ชลบุรี,0.0
2025-08-04,SRC01,เกาะสีชัง,ชลบุรี,3.9
2025-08-05,SRC01,เกาะสีชัง,ชลบุรี,0.0
2025-08-06,SRC01,เกาะสีชัง,ชลบุรี,0.0
2025-08-07,SRC01,เกาะสีชัง,ชลบุรี,0.0
2025-08-08,SRC01,เกาะสีชัง,ชลบุรี,2.5
2025-08-09,SRC01,เกาะสีชัง,ชลบุรี,0.0
2025-08-10,SRC01,เกาะสีชัง,ชลบุรี,0.0
2025-08-11,SRC01,เกาะสีชัง,ชลบุรี,0.0
2025-08-12,SRC01,เกาะสีชัง,ชลบุรี,1.5
2025-08-13,SRC01,เกาะสีชัง,ชลบุรี,0.0
2025-08-14,SRC01,เกาะสีชัง,ชลบุรี,0.0
2025-08-15,SRC01,เกาะสีชัง,ชลบุรี,0.0
2025-08-16,SRC01,เกาะสีชัง,ชลบุรี,5.3
2025-08-17,SRC01,เกาะสีชัง,ชลบุรี,16.5
2025-08-18,SRC01,เกาะสีชัง,ชลบุรี,1.9
2025-08-19,SRC01,เกาะสีชัง,ชลบุรี,7.5
2025-08-20,SRC01,เกาะสีชัง,ชลบุรี,6.2
2025-08-21,SRC01,เกาะสีชัง,ชลบุรี,3.7
2025-08-22,SRC01,เกาะสีชัง,ชลบุรี,0.0
2025-08-23,SRC01,เกาะสีชัง,ชลบุรี,0.0
2025-08-24,SRC01,เกาะสีชัง,ชลบุรี,0.0
2025-08-25,SRC01,เกาะสีชัง,ชลบุรี,15.6
2025-08-26,SRC01,เกาะสีชัง,ชลบุรี,17.2
2025-08-27,SRC01,เกาะสีชัง,ชลบุรี,2.4
2025-08-28,SRC01,เกาะสีชัง,ชลบุรี,26.4
2025-08-29,SRC01,เกาะสีชัง,ชลบุรี,0.0
2025-08-30,SRC01,เกาะสีชัง,ชลบุรี,14.7
2025-08-31,SRC01,เกาะสีชัง,ชลบุรี,0.0
2025-09-01,SRC01,เกาะสีชัง,ชลบุรี,41.3
2025-09-02,SRC01,เกาะสีชัง,ชลบุรี,10.7
2025-09-03,SRC01,เกาะสีชัง,ชลบุรี,0.0
2025-09-04,SRC01,เกาะสีชัง,ชลบุรี,0.0
2025-09-05,SRC01,เกาะสีชัง,ชลบุรี,4.6
2025-09-06,SRC01,เกาะสีชัง,ชลบุรี,5.5
2025-09-07,SRC01,เกาะสีชัง,ชลบุรี,0.0
2025-09-08,SRC01,เกาะสีชัง,ชลบุรี,0.0
2025-09-09,SRC01,เกาะสีชัง,ชลบุรี,4.3
2025-09-10,SRC01,เกาะสีชัง,ชลบุรี,0.0
2025-09-11,SRC01,เกาะสีชัง,ชลบุรี,9.6
2025-09-12,SRC01,เกาะสีชัง,ชลบุรี,0.0
2025-09-13,SRC01,เกาะสีชัง,ชลบุรี,0.3
2025-09-14,SRC01,เกาะสีชัง,ชลบุรี,16.0
2025-09-15,SRC01,เกาะสีชัง,ชลบุรี,88.2
2025-09-16,SRC01,เกาะสีชัง,ชลบุรี,6.4
2025-09-17,SRC01,เกาะสีชัง,ชลบุรี,1.8
2025-09-18,SRC01,เกาะสีชัง,ชลบุรี,45.0
2025-09-19,SRC01,เกาะสีชัง,ชลบุรี,39.4
2025-09-20,SRC01,เกาะสีชัง,ชลบุรี,0.0
2025-09-21,SRC01,เกาะสีชัง,ชลบุรี,2.1
2025-09-22,SRC01,เกาะสีชัง,ชลบุรี,12.3
2025-09-23,SRC01,เกาะสีชัง,ชลบุรี,0.0
2025-09-24,SRC01,เกาะสีชัง,ชลบุรี,0.0
2025-09-25,SRC01,เกาะสีชัง,ชลบุรี,18.1
2025-09-26,SRC01,เกาะสีชัง,ชลบุรี,0.0
2025-09-27,SRC01,เกาะสีชัง,ชลบุรี,0.0
2025-09-28,SRC01,เกาะสีชัง,ชลบุรี,0.0
2025-09-29,SRC01,เกาะสีชัง,ชลบุรี,0.0
2025-09-30,SRC01,เกาะสีชัง,ชลบุรี,0.0
2025-10-01,SRC01,เกาะสีชัง,ชลบุรี,0.0
2025-10-02,SRC01,เกาะสีชัง,ชลบุรี,9.6
2025-10-03,SRC01,เกาะสีชัง,ชลบุรี,6.3
2025-10-04,SRC01,เกาะสีชัง,ชลบุรี,0.0
2025-10-05,SRC01,เกาะสีชัง,ชลบุรี,16.4
2025-10-06,SRC01,เกาะสีชัง,ชลบุรี,0.0
2025-10-07,SRC01,เกาะสีชัง,ชลบุรี,3.1
2025-10-08,SRC01,เกาะสีชัง,ชลบุรี,5.4
2025-10-09,SRC01,เกาะสีชัง,ชลบุรี,0.0
2025-10-10,SRC01,เกาะสีชัง,ชลบุรี,2.5
2025-10-11,SRC01,เกาะสีชัง,ชลบุรี,0.0
2025-10-12,SRC01,เกาะสีชัง,ชลบุรี,27.4
2025-10-13,SRC01,เกาะสีชัง,ชลบุรี,1.8
2025-10-14,SRC01,เกาะสีชัง,ชลบุรี,0.2
2025-10-15,SRC01,เกาะสีชัง,ชลบุรี,0.0
2025-10-16,SRC01,เกาะสีชัง,ชลบุรี,0.0
2025-10-17,SRC01,เกาะสีชัง,ชลบุรี,0.0
2025-10-18,SRC01,เกาะสีชัง,ชลบุรี,2.9
2025-10-19,SRC01,เกาะสีชัง,ชลบุรี,23.3
2025-10-20,SRC01,เกาะสีชัง,ชลบุรี,13.0
2025-10-21,SRC01,เกาะสีชัง,ชลบุรี,2.8
2025-10-22,SRC01,เกาะสีชัง,ชลบุรี,3.1
2025-10-23,SRC01,เกาะสีชัง,ชลบุรี,8.1
2025-10-24,SRC01,เกาะสีชัง,ชลบุรี,1.5
2025-10-25,SRC01,เกาะสีชัง,ชลบุรี,3.1
2025-10-26,SRC01,เกาะสีชัง,ชลบุรี,0.0
2025-10-27,SRC01,เกาะสีชัง,ชลบุรี,2.0
2025-10-28,SRC01,เกาะสีชัง,ชลบุรี,13.7
2025-10-29,SRC01,เกาะสีชัง,ชลบุรี,0.0
2025-10-30,SRC01,เกาะสีชัง,ชลบุรี,0.0
2025-10-31,SRC01,เกาะสีชัง,ชลบุรี,0.5
2025-11-01,SRC01,เกาะสีชัง,ชลบุรี,11.3
2025-11-02,SRC01,เกาะสีชัง,ชลบุรี,0.0
2025-11-03,SRC01,เกาะสีชัง,ชลบุรี,0.0
2025-11-04,SRC01,เกาะสีชัง,ชลบุรี,0.0
2025-11-05,SRC01,เกาะสีชัง,ชลบุรี,0.0
2025-11-06,SRC01,เกาะสีชัง,ชลบุรี,0.0
2025-11-07,SRC01,เกาะสีชัง,ชลบุรี,0.0
2025-11-08,SRC01,เกาะสีชัง,ชลบุรี,0.0
2025-11-09,SRC01,เกาะสีชัง,ชลบุรี,0.0
2025-11-10,SRC01,เกาะสีชัง,ชลบุรี,0.0
2025-11-11,SRC01,เกาะสีชัง,ชลบุรี,0.0
2025-11-12,SRC01,เกาะสีชัง,ชลบุรี,0.0
2025-11-13,SRC01,เกาะสีชัง,ชลบุรี,0.0
2025-11-14,SRC01,เกาะสีชัง,ชลบุรี,0.0
2025-11-15,SRC01,เกาะสีชัง,ชลบุรี,0.0
2025-11-16,SRC01,เกาะสีชัง,ชลบุรี,0.0
2025-11-17,SRC01,เกาะสีชัง,ชลบุรี,0.0
2025-11-18,SRC01,เกาะสีชัง,ชลบุรี,0.0
2025-11-19,SRC01,เกาะสีชัง,ชลบุรี,0.0
2025-11-20,SRC01,เกาะสีชัง,ชลบุรี,0.0
2025-11-21,SRC01,เกาะสีชัง,ชลบุรี,0.0
2025-11-22,SRC01,เกาะสีชัง,ชลบุรี,0.0
2025-11-23,SRC01,เกาะสีชัง,ชลบุรี,0.0
2025-11-24,SRC01,เกาะสีชัง,ชลบุรี,0.0
2025-11-25,SRC01,เกาะสีชัง,ชลบุรี,0.0
2025-11-26,SRC01,เกาะสีชัง,ชลบุรี,0.0
2025-11-27,SRC01,เกาะสีชัง,ชลบุรี,0.0
2025-11-28,SRC01,เกาะสีชัง,ชลบุรี,0.0
2025-11-29,SRC01,เกาะสีชัง,ชลบุรี,0.0
2025-11-30,SRC01,เกาะสีชัง,ชลบุรี,0.0
2025-12-01,SRC01,เกาะสีชัง,ชลบุรี,0.0
2025-12-02,SRC01,เกาะสีชัง,ชลบุรี,0.0
2025-12-03,SRC01,เกาะสีชัง,ชลบุรี,0.0
2025-12-04,SRC01,เกาะสีชัง,ชลบุรี,0.0
2025-12-05,SRC01,เกาะสีชัง,ชลบุรี,0.0
2025-12-06,SRC01,เกาะสีชัง,ชลบุรี,0.0
2025-12-07,SRC01,เกาะสีชัง,ชลบุรี,0.0
2025-12-08,SRC01,เกาะสีชัง,ชลบุรี,0.0
2025-12-09,SRC01,เกาะสีชัง,ชลบุรี,0.0
2025-12-10,SRC01,เกาะสีชัง,ชลบุรี,0.0
2025-12-11,SRC01,เกาะสีชัง,ชลบุรี,0.0
2025-12-12,SRC01,เกาะสีชัง,ชลบุรี,1.8
2025-12-13,SRC01,เกาะสีชัง,ชลบุรี,0.0
2025-12-14,SRC01,เกาะสีชัง,ชลบุรี,1.9
2025-12-15,SRC01,เกาะสีชัง,ชลบุรี,0.0
2025-12-16,SRC01,เกาะสีชัง,ชลบุรี,0.0
2025-12-17,SRC01,เกาะสีชัง,ชลบุรี,2.6
2025-12-18,SRC01,เกาะสีชัง,ชลบุรี,1.5
2025-12-19,SRC01,เกาะสีชัง,ชลบุรี,0.0
2025-12-20,SRC01,เกาะสีชัง,ชลบุรี,0.0
2025-12-21,SRC01,เกาะสีชัง,ชลบุรี,0.0
2025-12-22,SRC01,เกาะสีชัง,ชลบุรี,0.0
2025-12-23,SRC01,เกาะสีชัง,ชลบุรี,0.0
2025-12-24,SRC01,เกาะสีชัง,ชลบุรี,0.0
2025-12-25,SRC01,เกาะสีชัง,ชลบุรี,0.0
2025-12-26,SRC01,เกาะสีชัง,ชลบุรี,0.0
2025-12-27,SRC01,เกาะสีชัง,ชลบุรี,0.0
2025-12-28,SRC01,เกาะสีชัง,ชลบุรี,0.3
2025-12-29,SRC01,เกาะสีชัง,ชลบุรี,0.0
2025-12-30,SRC01,เกาะสีชัง,ชลบุรี,0.0
2025-12-31,SRC01,เกาะสีชัง,ชลบุรี,0.0
2025-01-01,NYI01,หนองใหญ่,ชลบุรี,0.0
2025-01-02,NYI01,หนองใหญ่,ชลบุรี,0.0
2025-01-03,NYI01,หนองใหญ่,ชลบุรี,0.0
2025-01-04,NYI01,หนองใหญ่,ชลบุรี,0.0
2025-01-05,NYI01,หนองใหญ่,ชลบุรี,0.0
2025-01-06,NYI01,หนองใหญ่,ชลบุรี,0.0
2025-01-07,NYI01,หนองใหญ่,ชลบุรี,0.0
2025-01-08,NYI01,หนองใหญ่,ชลบุรี,0.0
2025-01-09,NYI01,หนองใหญ่,ชลบุรี,0.0
2025-01-10,NYI01,หนองใหญ่,ชลบุรี,0.0
2025-01-11,NYI01,หนองใหญ่,ชลบุรี,0.0
2025-01-12,NYI01,หนองใหญ่,ชลบุรี,0.0
2025-01-13,NYI01,หนองใหญ่,ชลบุรี,0.0
2025-01-14,NYI01,หนองใหญ่,ชลบุรี,0.0
2025-01-15,NYI01,หนองใหญ่,ชลบุรี,0.0
2025-01-16,NYI01,หนองใหญ่,ชลบุรี,0.0
2025-01-17,NYI01,หนองใหญ่,ชลบุรี,0.0
2025-01-18,NYI01,หนองใหญ่,ชลบุรี,2.4
2025-01-19,NYI01,หนองใหญ่,ชลบุรี,0.0
2025-01-20,NYI01,หนองใหญ่,ชลบุรี,0.0
2025-01-21,NYI01,หนองใหญ่,ชลบุรี,0.0
2025-01-22,NYI01,หนองใหญ่,ชลบุรี,0.0
2025-01-23,NYI01,หนองใหญ่,ชลบุรี,0.0
2025-01-24,NYI01,หนองใหญ่,ชลบุรี,0.0
2025-01-25,NYI01,หนองใหญ่,ชลบุรี,0.0
2025-01-26,NYI01,หนองใหญ่,ชลบุรี,0.0
2025-01-27,NYI01,หนองใหญ่,ชลบุรี,0.0
2025-01-28,NYI01,หนองใหญ่,ชลบุรี,0.0
2025-01-29,NYI01,หนองใหญ่,ชลบุรี,0.0
2025-01-30,NYI01,หนองใหญ่,ชลบุรี,0.0
2025-01-31,NYI01,หนองใหญ่,ชลบุรี,0.0
2025-02-01,NYI01,หนองใหญ่,ชลบุรี,0.0
2025-02-02,NYI01,หนองใหญ่,ชลบุรี,0.0
2025-02-03,NYI01,หนองใหญ่,ชลบุรี,0.0
2025-02-04,NYI01,หนองใหญ่,ชลบุรี,0.0
2025-02-05,NYI01,หนองใหญ่,ชลบุรี,3.7
2025-02-06,NYI01,หนองใหญ่,ชลบุรี,0.0
2025-02-07,NYI01,หนองใหญ่,ชลบุรี,0.0
2025-02-08,NYI01,หนองใหญ่,ชลบุรี,0.0
2025-02-09,NYI01,หนองใหญ่,ชลบุรี,0.0
2025-02-10,NYI01,หนองใหญ่,ชลบุรี,0.0
2025-02-11,NYI01,หนองใหญ่,ชลบุรี,0.0
2025-02-12,NYI01,หนองใหญ่,ชลบุรี,0.0
2025-02-13,NYI01,หนองใหญ่,ชลบุรี,0.0
2025-02-14,NYI01,หนองใหญ่,ชลบุรี,0.0
2025-02-15,NYI01,หนองใหญ่,ชลบุรี,0.0
2025-02-16,NYI01,หนองใหญ่,ชลบุรี,0.0
2025-02-17,NYI01,หนองใหญ่,ชลบุรี,0.0
2025-02-18,NYI01,หนองใหญ่,ชลบุรี,0.0
2025-02-19,NYI01,หนองใหญ่,ชลบุรี,0.0
2025-02-20,NYI01,หนองใหญ่,ชลบุรี,0.0
2025-02-21,NYI01,หนองใหญ่,ชลบุรี,0.0
2025-02-22,NYI01,หนองใหญ่,ชลบุรี,0.0
2025-02-23,NYI01,หนองใหญ่,ชลบุรี,0.0
2025-02-24,NYI01,หนองใหญ่,ชลบุรี,0.0
2025-02-25,NYI01,หนองใหญ่,ชลบุรี,0.0
2025-02-26,NYI01,หนองใหญ่,ชลบุรี,0.0
2025-02-27,NYI01,หนองใหญ่,ชลบุรี,0.0
2025-02-28,NYI01,หนองใหญ่,ชลบุรี,0.0
2025-03-01,NYI01,หนองใหญ่,ชลบุรี,0.0
2025-03-02,NYI01,หนองใหญ่,ชลบุรี,0.0
2025-03-03,NYI01,หนองใหญ่,ชลบุรี,0.0
2025-03-04,NYI01,หนองใหญ่,ชลบุรี,0.0
2025-03-05,NYI01,หนองใหญ่,ชลบุรี,0.0
2025-03-06,NYI01,หนองใหญ่,ชลบุรี,0.0
2025-03-07,NYI01,หนองใหญ่,ชลบุรี,0.0
2025-03-08,NYI01,หนองใหญ่,ชลบุรี,0.0
2025-03-09,NYI01,หนองใหญ่,ชลบุรี,0.0
2025-03-10,NYI01,หนองใหญ่,ชลบุรี,0.0
2025-03-11,NYI01,หนองใหญ่,ชลบุรี,0.0
2025-03-12,NYI01,หนองใหญ่,ชลบุรี,0.0
2025-03-13,NYI01,หนองใหญ่,ชลบุรี,0.0
2025-03-14,NYI01,หนองใหญ่,ชลบุรี,0.0
2025-03-15,NYI01,หนองใหญ่,ชลบุรี,0.0
2025-03-16,NYI01,หนองใหญ่,ชลบุรี,0.0
2025-03-17,NYI01,หนองใหญ่,ชลบุรี,0.0
2025-03-18,NYI01,หนองใหญ่,ชลบุรี,0.0
2025-03-19,NYI01,หนองใหญ่,ชลบุรี,0.0
2025-03-20,NYI01,หนองใหญ่,ชลบุรี,0.0
2025-03-21,NYI01,หนองใหญ่,ชลบุรี,0.0
2025-03-22,NYI01,หนองใหญ่,ชลบุรี,14.1
2025-03-23,NYI01,หนองใหญ่,ชลบุรี,0.0
2025-03-24,NYI01,หนองใหญ่,ชลบุรี,0.0
2025-03-25,NYI01,หนองใหญ่,ชลบุรี,0.0
2025-03-26,NYI01,หนองใหญ่,ชลบุรี,1.5
2025-03-27,NYI01,หนองใหญ่,ชลบุรี,0.0
2025-03-28,NYI01,หนองใหญ่,ชลบุรี,0.0
2025-03-29,NYI01,หนองใหญ่,ชลบุรี,0.0
2025-03-30,NYI01,หนองใหญ่,ชลบุรี,1.6
2025-03-31,NYI01,หนองใหญ่,ชลบุรี,0.0
2025-04-01,NYI01,หนองใหญ่,ชลบุรี,0.0
2025-04-02,NYI01,หนองใหญ่,ชลบุรี,0.0
2025-04-03,NYI01,หนองใหญ่,ชลบุรี,0.0
2025-04-04,NYI01,หนองใหญ่,ชลบุรี,0.0
2025-04-05,NYI01,หนองใหญ่,ชลบุรี,0.0
2025-04-06,NYI01,หนองใหญ่,ชลบุรี,0.0
2025-04-07,NYI01,หนองใหญ่,ชลบุรี,0.0
2025-04-08,NYI01,หนองใหญ่,ชลบุรี,0.0
2025-04-09,NYI01,หนองใหญ่,ชลบุรี,0.0
2025-04-10,NYI01,หนองใหญ่,ชลบุรี,0.0
2025-04-11,NYI01,หนองใหญ่,ชลบุรี,0.0
2025-04-12,NYI01,หนองใหญ่,ชลบุรี,0.0
2025-04-13,NYI01,หนองใหญ่,ชลบุรี,0.0
2025-04-14,NYI01,หนองใหญ่,ชลบุรี,0.0
2025-04-15,NYI01,หนองใหญ่,ชลบุรี,0.0
2025-04-16,NYI01,หนองใหญ่,ชลบุรี,2.2
2025-04-17,NYI01,หนองใหญ่,ชลบุรี,0.0
2025-04-18,NYI01,หนองใหญ่,ชลบุรี,0.0
2025-04-19,NYI01,หนองใหญ่,ชลบุรี,0.0
2025-04-20,NYI01,หนองใหญ่,ชลบุรี,0.0
2025-04-21,NYI01,หนองใหญ่,ชลบุรี,0.0
2025-04-22,NYI01,หนองใหญ่,ชลบุรี,0.0
2025-04-23,NYI01,หนองใหญ่,ชลบุรี,0.0
2025-04-24,NYI01,หนองใหญ่,ชลบุรี,0.0
2025-04-25,NYI01,หนองใหญ่,ชลบุรี,0.0
2025-04-26,NYI01,หนองใหญ่,ชลบุรี,0.0
2025-04-27,NYI01,หนองใหญ่,ชลบุรี,3.3
2025-04-28,NYI01,หนองใหญ่,ชลบุรี,4.1
2025-04-29,NYI01,หนองใหญ่,ชลบุรี,0.0
2025-04-30,NYI01,หนองใหญ่,ชลบุรี,0.0
2025-05-01,NYI01,หนองใหญ่,ชลบุรี,0.0
2025-05-02,NYI01,หนองใหญ่,ชลบุรี,0.0
2025-05-03,NYI01,หนองใหญ่,ชลบุรี,0.0
2025-05-04,NYI01,หนองใหญ่,ชลบุรี,1.0
2025-05-05,NYI01,หนองใหญ่,ชลบุรี,15.6
2025-05-06,NYI01,หนองใหญ่,ชลบุรี,1.3
2025-05-07,NYI01,หนองใหญ่,ชลบุรี,0.0
2025-05-08,NYI01,หนองใหญ่,ชลบุรี,0.7
2025-05-09,NYI01,หนองใหญ่,ชลบุรี,0.0
2025-05-10,NYI01,หนองใหญ่,ชลบุรี,0.0
2025-05-11,NYI01,หนองใหญ่,ชลบุรี,0.0
2025-05-12,NYI01,หนองใหญ่,ชลบุรี,19.8
2025-05-13,NYI01,หนองใหญ่,ชลบุรี,0.0
2025-05-14,NYI01,หนองใหญ่,ชลบุรี,20.5
2025-05-15,NYI01,หนองใหญ่,ชลบุรี,0.0
2025-05-16,NYI01,หนองใหญ่,ชลบุรี,0.0
2025-05-17,NYI01,หนองใหญ่,ชลบุรี,13.2
2025-05-18,NYI01,หนองใหญ่,ชลบุรี,0.0
2025-05-19,NYI01,หนองใหญ่,ชลบุรี,0.0
2025-05-20,NYI01,หนองใหญ่,ชลบุรี,0.0
2025-05-21,NYI01,หนองใหญ่,ชลบุรี,0.0
2025-05-22,NYI01,หนองใหญ่,ชลบุรี,0.0
2025-05-23,NYI01,หนองใหญ่,ชลบุรี,0.0
2025-05-24,NYI01,หนองใหญ่,ชลบุรี,2.8
2025-05-25,NYI01,หนองใหญ่,ชลบุรี,0.0
2025-05-26,NYI01,หนองใหญ่,ชลบุรี,0.0
2025-05-27,NYI01,หนองใหญ่,ชลบุรี,0.0
2025-05-28,NYI01,หนองใหญ่,ชลบุรี,1.9
2025-05-29,NYI01,หนองใหญ่,ชลบุรี,0.0
2025-05-30,NYI01,หนองใหญ่,ชลบุรี,0.0
2025-05-31,NYI01,หนองใหญ่,ชลบุรี,11.8
2025-06-01,NYI01,หนองใหญ่,ชลบุรี,2.5
2025-06-02,NYI01,หนองใหญ่,ชลบุรี,36.3
2025-06-03,NYI01,หนองใหญ่,ชลบุรี,2.2
2025-06-04,NYI01,หนองใหญ่,ชลบุรี,27.9
2025-06-05,NYI01,หนองใหญ่,ชลบุรี,1.5
2025-06-06,NYI01,หนองใหญ่,ชลบุรี,46.9
2025-06-07,NYI01,หนองใหญ่,ชลบุรี,9.5
2025-06-08,NYI01,หนองใหญ่,ชลบุรี,16.0
2025-06-09,NYI01,หนองใหญ่,ชลบุรี,0.0
2025-06-10,NYI01,หนองใหญ่,ชลบุรี,0.0
2025-06-11,NYI01,หนองใหญ่,ชลบุรี,0.0
2025-06-12,NYI01,หนองใหญ่,ชลบุรี,0.0
2025-06-13,NYI01,หนองใหญ่,ชลบุรี,1.7
2025-06-14,NYI01,หนองใหญ่,ชลบุรี,0.0
2025-06-15,NYI01,หนองใหญ่,ชลบุรี,7.6
2025-06-16,NYI01,หนองใหญ่,ชลบุรี,0.0
2025-06-17,NYI01,หนองใหญ่,ชลบุรี,30.8
2025-06-18,NYI01,หนองใหญ่,ชลบุรี,12.2
2025-06-19,NYI01,หนองใหญ่,ชลบุรี,0.0
2025-06-20,NYI01,หนองใหญ่,ชลบุรี,0.0
2025-06-21,NYI01,หนองใหญ่,ชลบุรี,0.0
2025-06-22,NYI01,หนองใหญ่,ชลบุรี,4.2
2025-06-23,NYI01,หนองใหญ่,ชลบุรี,9.0
2025-06-24,NYI01,หนองใหญ่,ชลบุรี,4.6
2025-06-25,NYI01,หนองใหญ่,ชลบุรี,39.2
2025-06-26,NYI01,หนองใหญ่,ชลบุรี,0.0
2025-06-27,NYI01,หนองใหญ่,ชลบุรี,0.0
2025-06-28,NYI01,หนองใหญ่,ชลบุรี,36.7
2025-06-29,NYI01,หนองใหญ่,ชลบุรี,0.0
2025-06-30,NYI01,หนองใหญ่,ชลบุรี,0.0
2025-07-01,NYI01,หนองใหญ่,ชลบุรี,0.0
2025-07-02,NYI01,หนองใหญ่,ชลบุรี,0.8
2025-07-03,NYI01,หนองใหญ่,ชลบุรี,0.0
2025-07-04,NYI01,หนองใหญ่,ชลบุรี,0.6
2025-07-05,NYI01,หนองใหญ่,ชลบุรี,22.8
2025-07-06,NYI01,หนองใหญ่,ชลบุรี,0.0
2025-07-07,NYI01,หนองใหญ่,ชลบุรี,0.0
2025-07-08,NYI01,หนองใหญ่,ชลบุรี,14.2
2025-07-09,NYI01,หนองใหญ่,ชลบุรี,9.9
2025-07-10,NYI01,หนองใหญ่,ชลบุรี,0.0
2025-07-11,NYI01,หนองใหญ่,ชลบุรี,26.6
2025-07-12,NYI01,หนองใหญ่,ชลบุรี,0.2
2025-07-13,NYI01,หนองใหญ่,ชลบุรี,0.0
2025-07-14,NYI01,หนองใหญ่,ชลบุรี,20.0
2025-07-15,NYI01,หนองใหญ่,ชลบุรี,15.5
2025-07-16,NYI01,หนองใหญ่,ชลบุรี,1.0
2025-07-17,NYI01,หนองใหญ่,ชลบุรี,21.2
2025-07-18,NYI01,หนองใหญ่,ชลบุรี,0.0
2025-07-19,NYI01,หนองใหญ่,ชลบุรี,0.0
2025-07-20,NYI01,หนองใหญ่,ชลบุรี,9.7
2025-07-21,NYI01,หนองใหญ่,ชลบุรี,0.0
2025-07-22,NYI01,หนองใหญ่,ชลบุรี,13.3
2025-07-23,NYI01,หนองใหญ่,ชลบุรี,31.1
2025-07-24,NYI01,หนองใหญ่,ชลบุรี,32.3
2025-07-25,NYI01,หนองใหญ่,ชลบุรี,4.5
2025-07-26,NYI01,หนองใหญ่,ชลบุรี,18.9
2025-07-27,NYI01,หนองใหญ่,ชลบุรี,0.0
2025-07-28,NYI01,หนองใหญ่,ชลบุรี,0.0
2025-07-29,NYI01,หนองใหญ่,ชลบุรี,0.0
2025-07-30,NYI01,หนองใหญ่,ชลบุรี,42.2
2025-07-31,NYI01,หนองใหญ่,ชลบุรี,0.0
2025-08-01,NYI01,หนองใหญ่,ชลบุรี,0.0
2025-08-02,NYI01,หนองใหญ่,ชลบุรี,0.0
2025-08-03,NYI01,หนองใหญ่,ชลบุรี,0.0
2025-08-04,NYI01,หนองใหญ่,ชลบุรี,6.5
2025-08-05,NYI01,หนองใหญ่,ชลบุรี,0.0
2025-08-06,NYI01,หนองใหญ่,ชลบุรี,6.9
2025-08-07,NYI01,หนองใหญ่,ชลบุรี,0.0
2025-08-08,NYI01,หนองใหญ่,ชลบุรี,0.0
2025-08-09,NYI01,หนองใหญ่,ชลบุรี,33.5
2025-08-10,NYI01,หนองใหญ่,ชลบุรี,6.0
2025-08-11,NYI01,หนองใหญ่,ชลบุรี,0.0
2025-08-12,NYI01,หนองใหญ่,ชลบุรี,0.0
2025-08-13,NYI01,หนองใหญ่,ชลบุรี,0.0
2025-08-14,NYI01,หนองใหญ่,ชลบุรี,11.9
2025-08-15,NYI01,หนองใหญ่,ชลบุรี,0.0
2025-08-16,NYI01,หนองใหญ่,ชลบุรี,0.0
2025-08-17,NYI01,หนองใหญ่,ชลบุรี,0.0
2025-08-18,NYI01,หนองใหญ่,ชลบุรี,6.3
2025-08-19,NYI01,หนองใหญ่,ชลบุรี,0.0
2025-08-20,NYI01,หนองใหญ่,ชลบุรี,0.0
2025-08-21,NYI01,หนองใหญ่,ชลบุรี,101.7
2025-08-22,NYI01,หนองใหญ่,ชลบุรี,1.1
2025-08-23,NYI01,หนองใหญ่,ชลบุรี,10.0
2025-08-24,NYI01,หนองใหญ่,ชลบุรี,8.9
2025-08-25,NYI01,หนองใหญ่,ชลบุรี,42.7
2025-08-26,NYI01,หนองใหญ่,ชลบุรี,0.0
2025-08-27,NYI01,หนองใหญ่,ชลบุรี,14.2
2025-08-28,NYI01,หนองใหญ่,ชลบุรี,0.0
2025-08-29,NYI01,หนองใหญ่,ชลบุรี,10.5
2025-08-30,NYI01,หนองใหญ่,ชลบุรี,22.3
2025-08-31,NYI01,หนองใหญ่,ชลบุรี,0.0
2025-09-01,NYI01,หนองใหญ่,ชลบุรี,0.5
2025-09-02,NYI01,หนองใหญ่,ชลบุรี,0.0
2025-09-03,NYI01,หนองใหญ่,ชลบุรี,2.4
2025-09-04,NYI01,หนองใหญ่,ชลบุรี,4.9
2025-09-05,NYI01,หนองใหญ่,ชลบุรี,0.0
2025-09-06,NYI01,หนองใหญ่,ชลบุรี,8.4
2025-09-07,NYI01,หนองใหญ่,ชลบุรี,45.6
2025-09-08,NYI01,หนองใหญ่,ชลบุรี,27.2
2025-09-09,NYI01,หนองใหญ่,ชลบุรี,5.1
2025-09-10,NYI01,หนองใหญ่,ชลบุรี,0.0
2025-09-11,NYI01,หนองใหญ่,ชลบุรี,2.5
2025-09-12,NYI01,หนองใหญ่,ชลบุรี,12.5
2025-09-13,NYI01,หนองใหญ่,ชลบุรี,56.4
2025-09-14,NYI01,หนองใหญ่,ชลบุรี,142.3
2025-09-15,NYI01,หนองใหญ่,ชลบุรี,0.0
2025-09-16,NYI01,หนองใหญ่,ชลบุรี,0.0
2025-09-17,NYI01,หนองใหญ่,ชลบุรี,0.8
2025-09-18,NYI01,หนองใหญ่,ชลบุรี,0.0
2025-09-19,NYI01,หนองใหญ่,ชลบุรี,0.0
2025-09-20,NYI01,หนองใหญ่,ชลบุรี,3.0
2025-09-21,NYI01,หนองใหญ่,ชลบุรี,18.5
2025-09-22,NYI01,หนองใหญ่,ชลบุรี,0.0
2025-09-23,NYI01,หนองใหญ่,ชลบุรี,9.7
2025-09-24,NYI01,หนองใหญ่,ชลบุรี,0.0
2025-09-25,NYI01,หนองใหญ่,ชลบุรี,4.2
2025-09-26,NYI01,หนองใหญ่,ชลบุรี,8.5
2025-09-27,NYI01,หนองใหญ่,ชลบุรี,0.0
2025-09-28,NYI01,หนองใหญ่,ชลบุรี,2.4
2025-09-29,NYI01,หนองใหญ่,ชลบุรี,0.0
2025-09-30,NYI01,หนองใหญ่,ชลบุรี,39.0
2025-10-01,NYI01,หนองใหญ่,ชลบุรี,0.0
2025-10-02,NYI01,หนองใหญ่,ชลบุรี,0.0
2025-10-03,NYI01,หนองใหญ่,ชลบุรี,0.0
2025-10-04,NYI01,หนองใหญ่,ชลบุรี,0.0
2025-10-05,NYI01,หนองใหญ่,ชลบุรี,0.0
2025-10-06,NYI01,หนองใหญ่,ชลบุรี,0.0
2025-10-07,NYI01,หนองใหญ่,ชลบุรี,0.0
2025-10-08,NYI01,หนองใหญ่,ชลบุรี,0.0
2025-10-09,NYI01,หนองใหญ่,ชลบุรี,2.1
2025-10-10,NYI01,หนองใหญ่,ชลบุรี,0.0
2025-10-11,NYI01,หนองใหญ่,ชลบุรี,0.0
2025-10-12,NYI01,หนองใหญ่,ชลบุรี,1.5
2025-10-13,NYI01,หนองใหญ่,ชลบุรี,0.0
2025-10-14,NYI01,หนองใหญ่,ชลบุรี,0.0
2025-10-15,NYI01,หนองใหญ่,ชลบุรี,0.0
2025-10-16,NYI01,หนองใหญ่,ชลบุรี,0.0
2025-10-17,NYI01,หนองใหญ่,ชลบุรี,7.9
2025-10-18,NYI01,หนองใหญ่,ชลบุรี,0.0
2025-10-19,NYI01,หนองใหญ่,ชลบุรี,0.0
2025-10-20,NYI01,หนองใหญ่,ชลบุรี,14.7
2025-10-21,NYI01,หนองใหญ่,ชลบุรี,4.4
2025-10-22,NYI01,หนองใหญ่,ชลบุรี,0.0
2025-10-23,NYI01,หนองใหญ่,ชลบุรี,0.0
2025-10-24,NYI01,หนองใหญ่,ชลบุรี,0.0
2025-10-25,NYI01,หนองใหญ่,ชลบุรี,0.6
2025-10-26,NYI01,หนองใหญ่,ชลบุรี,0.0
2025-10-27,NYI01,หนองใหญ่,ชลบุรี,2.2
2025-10-28,NYI01,หนองใหญ่,ชลบุรี,0.0
2025-10-29,NYI01,หนองใหญ่,ชลบุรี,0.0
2025-10-30,NYI01,หนองใหญ่,ชลบุรี,0.0
2025-10-31,NYI01,หนองใหญ่,ชลบุรี,0.0
2025-11-01,NYI01,หนองใหญ่,ชลบุรี,0.0
2025-11-02,NYI01,หนองใหญ่,ชลบุรี,0.0
2025-11-03,NYI01,หนองใหญ่,ชลบุรี,0.0
2025-11-04,NYI01,หนองใหญ่,ชลบุรี,0.0
2025-11-05,NYI01,หนองใหญ่,ชลบุรี,0.0
2025-11-06,NYI01,หนองใหญ่,ชลบุรี,0.0
2025-11-07,NYI01,หนองใหญ่,ชลบุรี,0.0
2025-11-08,NYI01,หนองใหญ่,ชลบุรี,0.0
2025-11-09,NYI01,หนองใหญ่,ชลบุรี,0.0
2025-11-10,NYI01,หนองใหญ่,ชลบุรี,0.0
2025-11-11,NYI01,หนองใหญ่,ชลบุรี,0.0
2025-11-12,NYI01,หนองใหญ่,ชลบุรี,0.0
2025-11-13,NYI01,หนองใหญ่,ชลบุรี,0.0
2025-11-14,NYI01,หนองใหญ่,ชลบุรี,0.0
2025-11-15,NYI01,หนองใหญ่,ชลบุรี,0.0
2025-11-16,NYI01,หนองใหญ่,ชลบุรี,0.0
2025-11-17,NYI01,หนองใหญ่,ชลบุรี,0.0
2025-11-18,NYI01,หนองใหญ่,ชลบุรี,0.0
2025-11-19,NYI01,หนองใหญ่,ชลบุรี,0.0
2025-11-20,NYI01,หนองใหญ่,ชลบุรี,0.0
2025-11-21,NYI01,หนองใหญ่,ชลบุรี,0.0
2025-11-22,NYI01,หนองใหญ่,ชลบุรี,0.0
2025-11-23,NYI01,หนองใหญ่,ชลบุรี,0.0
2025-11-24,NYI01,หนองใหญ่,ชลบุรี,0.0
2025-11-25,NYI01,หนองใหญ่,ชลบุรี,0.0
2025-11-26,NYI01,หนองใหญ่,ชลบุรี,0.0
2025-11-27,NYI01,หนองใหญ่,ชลบุรี,15.0
2025-11-28,NYI01,หนองใหญ่,ชลบุรี,0.0
2025-11-29,NYI01,หนองใหญ่,ชลบุรี,2.9
2025-11-30,NYI01,หนองใหญ่,ชลบุรี,0.0
2025-12-01,NYI01,หนองใหญ่,ชลบุรี,0.0
2025-12-02,NYI01,หนองใหญ่,ชลบุรี,0.0
2025-12-03,NYI01,หนองใหญ่,ชลบุรี,0.0
2025-12-04,NYI01,หนองใหญ่,ชลบุรี,0.0
2025-12-05,NYI01,หนองใหญ่,ชลบุรี,0.0
2025-12-06,NYI01,หนองใหญ่,ชลบุรี,0.0
2025-12-07,NYI01,หนองใหญ่,ชลบุรี,0.0
2025-12-08,NYI01,หนองใหญ่,ชลบุรี,0.0
2025-12-09,NYI01,หนองใหญ่,ชลบุรี,0.0
2025-12-10,NYI01,หนองใหญ่,ชลบุรี,0.0
2025-12-11,NYI01,หนองใหญ่,ชลบุรี,0.0
2025-12-12,NYI01,หนองใหญ่,ชลบุรี,0.0
2025-12-13,NYI01,หนองใหญ่,ชลบุรี,0.0
2025-12-14,NYI01,หนองใหญ่,ชลบุรี,0.0
2025-12-15,NYI01,หนองใหญ่,ชลบุรี,0.0
2025-12-16,NYI01,หนองใหญ่,ชลบุรี,0.0
2025-12-17,NYI01,หนองใหญ่,ชลบุรี,13.0
2025-12-18,NYI01,หนองใหญ่,ชลบุรี,0.0
2025-12-19,NYI01,หนองใหญ่,ชลบุรี,0.0
2025-12-20,NYI01,หนองใหญ่,ชลบุรี,0.0
2025-12-21,NYI01,หนองใหญ่,ชลบุรี,0.0
2025-12-22,NYI01,หนองใหญ่,ชลบุรี,0.0
2025-12-23,NYI01,หนองใหญ่,ชลบุรี,0.0
2025-12-24,NYI01,หนองใหญ่,ชลบุรี,0.0
2025-12-25,NYI01,หนองใหญ่,ชลบุรี,0.0
2025-12-26,NYI01,หนองใหญ่,ชลบุรี,0.0
2025-12-27,NYI01,หนองใหญ่,ชลบุรี,0.0
2025-12-28,NYI01,หนองใหญ่,ชลบุรี,0.0
2025-12-29,NYI01,หนองใหญ่,ชลบุรี,0.0
2025-12-30,NYI01,หนองใหญ่,ชลบุรี,0.0
2025-12-31,NYI01,หนองใหญ่,ชลบุรี,0.0
2025-01-01,STH01,สัตหีบ,ชลบุรี,0.0
2025-01-02,STH01,สัตหีบ,ชลบุรี,0.0
2025-01-03,STH01,สัตหีบ,ชลบุรี,0.0
2025-01-04,STH01,สัตหีบ,ชลบุรี,0.0
2025-01-05,STH01,สัตหีบ,ชลบุรี,0.0
2025-01-06,STH01,สัตหีบ,ชลบุรี,0.0
2025-01-07,STH01,สัตหีบ,ชลบุรี,0.0
2025-01-08,STH01,สัตหีบ,ชลบุรี,0.0
2025-01-09,STH01,สัตหีบ,ชลบุรี,0.0
2025-01-10,STH01,สัตหีบ,ชลบุรี,0.0
2025-01-11,STH01,สัตหีบ,ชลบุรี,0.0
2025-01-12,STH01,สัตหีบ,ชลบุรี,0.0
2025-01-13,STH01,สัตหีบ,ชลบุรี,0.0
2025-01-14,STH01,สัตหีบ,ชลบุรี,0.0
2025-01-15,STH01,สัตหีบ,ชลบุรี,0.0
2025-01-16,STH01,สัตหีบ,ชลบุรี,0.0
2025-01-17,STH01,สัตหีบ,ชลบุรี,0.0
2025-01-18,STH01,สัตหีบ,ชลบุรี,0.0
2025-01-19,STH01,สัตหีบ,ชลบุรี,0.0
2025-01-20,STH01,สัตหีบ,ชลบุรี,0.0
2025-01-21,STH01,สัตหีบ,ชลบุรี,0.0
2025-01-22,STH01,สัตหีบ,ชลบุรี,0.0
2025-01-23,STH01,สัตหีบ,ชลบุรี,0.0
2025-01-24,STH01,สัตหีบ,ชลบุรี,0.0
2025-01-25,STH01,สัตหีบ,ชลบุรี,0.0
2025-01-26,STH01,สัตหีบ,ชลบุรี,0.0
2025-01-27,STH01,สัตหีบ,ชลบุรี,0.0
2025-01-28,STH01,สัตหีบ,ชลบุรี,0.0
2025-01-29,STH01,สัตหีบ,ชลบุรี,0.0
2025-01-30,STH01,สัตหีบ,ชลบุรี,5.2
2025-01-31,STH01,สัตหีบ,ชลบุรี,0.0
2025-02-01,STH01,สัตหีบ,ชลบุรี,0.0
2025-02-02,STH01,สัตหีบ,ชลบุรี,0.0
2025-02-03,STH01,สัตหีบ,ชลบุรี,0.0
2025-02-04,STH01,สัตหีบ,ชลบุรี,0.0
2025-02-05,STH01,สัตหีบ,ชลบุรี,0.0
2025-02-06,STH01,สัตหีบ,ชลบุรี,0.0
2025-02-07,STH01,สัตหีบ,ชลบุรี,0.0
2025-02-08,STH01,สัตหีบ,ชลบุรี,0.0
2025-02-09,STH01,สัตหีบ,ชลบุรี,0.0
2025-02-10,STH01,สัตหีบ,ชลบุรี,0.0
2025-02-11,STH01,สัตหีบ,ชลบุรี,0.0
2025-02-12,STH01,สัตหีบ,ชลบุรี,0.0
2025-02-13,STH01,สัตหีบ,ชลบุรี,0.0
2025-02-14,STH01,สัตหีบ,ชลบุรี,0.0
2025-02-15,STH01,สัตหีบ,ชลบุรี,0.0
2025-02-16,STH01,สัตหีบ,ชลบุรี,0.0
2025-02-17,STH01,สัตหีบ,ชลบุรี,0.0
2025-02-18,STH01,สัตหีบ,ชลบุรี,0.0
2025-02-19,STH01,สัตหีบ,ชลบุรี,0.0
2025-02-20,STH01,สัตหีบ,ชลบุรี,0.0
2025-02-21,STH01,สัตหีบ,ชลบุรี,0.0
2025-02-22,STH01,สัตหีบ,ชลบุรี,0.0
2025-02-23,STH01,สัตหีบ,ชลบุรี,0.0
2025-02-24,STH01,สัตหีบ,ชลบุรี,0.0
2025-02-25,STH01,สัตหีบ,ชลบุรี,0.0
2025-02-26,STH01,สัตหีบ,ชลบุรี,0.0
2025-02-27,STH01,สัตหีบ,ชลบุรี,0.0
2025-02-28,STH01,สัตหีบ,ชลบุรี,0.0
2025-03-01,STH01,สัตหีบ,ชลบุรี,0.0
2025-03-02,STH01,สัตหีบ,ชลบุรี,0.0
2025-03-03,STH01,สัตหีบ,ชลบุรี,0.0
2025-03-04,STH01,สัตหีบ,ชลบุรี,0.0
2025-03-05,STH01,สัตหีบ,ชลบุรี,0.0
2025-03-06,STH01,สัตหีบ,ชลบุรี,0.0
2025-03-07,STH01,สัตหีบ,ชลบุรี,0.0
2025-03-08,STH01,สัตหีบ,ชลบุรี,0.0
2025-03-09,STH01,สัตหีบ,ชลบุรี,0.0
2025-03-10,STH01,สัตหีบ,ชลบุรี,0.0
2025-03-11,STH01,สัตหีบ,ชลบุรี,0.9
2025-03-12,STH01,สัตหีบ,ชลบุรี,0.0
2025-03-13,STH01,สัตหีบ,ชลบุรี,0.0
2025-03-14,STH01,สัตหีบ,ชลบุรี,0.0
2025-03-15,STH01,สัตหีบ,ชลบุรี,4.5
2025-03-16,STH01,สัตหีบ,ชลบุรี,0.0
2025-03-17,STH01,สัตหีบ,ชลบุรี,0.0
2025-03-18,STH01,สัตหีบ,ชลบุรี,0.0
2025-03-19,STH01,สัตหีบ,ชลบุรี,0.0
2025-03-20,STH01,สัตหีบ,ชลบุรี,3.7
2025-03-21,STH01,สัตหีบ,ชลบุรี,0.0
2025-03-22,STH01,สัตหีบ,ชลบุรี,0.0
2025-03-23,STH01,สัตหีบ,ชลบุรี,0.0
2025-03-24,STH01,สัตหีบ,ชลบุรี,0.0
2025-03-25,STH01,สัตหีบ,ชลบุรี,2.3
2025-03-26,STH01,สัตหีบ,ชลบุรี,0.0
2025-03-27,STH01,สัตหีบ,ชลบุรี,0.0
2025-03-28,STH01,สัตหีบ,ชลบุรี,0.0
2025-03-29,STH01,สัตหีบ,ชลบุรี,0.0
2025-03-30,STH01,สัตหีบ,ชลบุรี,0.0
2025-03-31,STH01,สัตหีบ,ชลบุรี,0.0
2025-04-01,STH01,สัตหีบ,ชลบุรี,0.0
2025-04-02,STH01,สัตหีบ,ชลบุรี,0.0
2025-04-03,STH01,สัตหีบ,ชลบุรี,0.0
2025-04-04,STH01,สัตหีบ,ชลบุรี,0.0
2025-04-05,STH01,สัตหีบ,ชลบุรี,0.0
2025-04-06,STH01,สัตหีบ,ชลบุรี,0.0
2025-04-07,STH01,สัตหีบ,ชลบุรี,0.0
2025-04-08,STH01,สัตหีบ,ชลบุรี,0.0
2025-04-09,STH01,สัตหีบ,ชลบุรี,0.0
2025-04-10,STH01,สัตหีบ,ชลบุรี,4.7
2025-04-11,STH01,สัตหีบ,ชลบุรี,0.0
2025-04-12,STH01,สัตหีบ,ชลบุรี,0.0
2025-04-13,STH01,สัตหีบ,ชลบุรี,0.0
2025-04-14,STH01,สัตหีบ,ชลบุรี,0.0
2025-04-15,STH01,สัตหีบ,ชลบุรี,5.4
2025-04-16,STH01,สัตหีบ,ชลบุรี,3.5
2025-04-17,STH01,สัตหีบ,ชลบุรี,0.0
2025-04-18,STH01,สัตหีบ,ชลบุรี,0.0
2025-04-19,STH01,สัตหีบ,ชลบุรี,0.0
2025-04-20,STH01,สัตหีบ,ชลบุรี,11.0
2025-04-21,STH01,สัตหีบ,ชลบุรี,0.0
2025-04-22,STH01,สัตหีบ,ชลบุรี,0.0
2025-04-23,STH01,สัตหีบ,ชลบุรี,0.0
2025-04-24,STH01,สัตหีบ,ชลบุรี,0.0
2025-04-25,STH01,สัตหีบ,ชลบุรี,0.0
2025-04-26,STH01,สัตหีบ,ชลบุรี,0.0
2025-04-27,STH01,สัตหีบ,ชลบุรี,3.3
2025-04-28,STH01,สัตหีบ,ชลบุรี,0.0
2025-04-29,STH01,สัตหีบ,ชลบุรี,0.0
2025-04-30,STH01,สัตหีบ,ชลบุรี,0.0
2025-05-01,STH01,สัตหีบ,ชลบุรี,0.0
2025-05-02,STH01,สัตหีบ,ชลบุรี,0.0
2025-05-03,STH01,สัตหีบ,ชลบุรี,0.0
2025-05-04,STH01,สัตหีบ,ชลบุรี,12.0
2025-05-05,STH01,สัตหีบ,ชลบุรี,6.5
2025-05-06,STH01,สัตหีบ,ชลบุรี,19.8
2025-05-07,STH01,สัตหีบ,ชลบุรี,0.0
2025-05-08,STH01,สัตหีบ,ชลบุรี,0.0
2025-05-09,STH01,สัตหีบ,ชลบุรี,0.0
2025-05-10,STH01,สัตหีบ,ชลบุรี,16.6
2025-05-11,STH01,สัตหีบ,ชลบุรี,7.0
2025-05-12,STH01,สัตหีบ,ชลบุรี,0.0
2025-05-13,STH01,สัตหีบ,ชลบุรี,13.0
2025-05-14,STH01,สัตหีบ,ชลบุรี,0.0
2025-05-15,STH01,สัตหีบ,ชลบุรี,0.0
2025-05-16,STH01,สัตหีบ,ชลบุรี,8.0
2025-05-17,STH01,สัตหีบ,ชลบุรี,2.8
2025-05-18,STH01,สัตหีบ,ชลบุรี,4.0
2025-05-19,STH01,สัตหีบ,ชลบุรี,7.9
2025-05-20,STH01,สัตหีบ,ชลบุรี,2.6
2025-05-21,STH01,สัตหีบ,ชลบุรี,0.0
2025-05-22,STH01,สัตหีบ,ชลบุรี,0.0
2025-05-23,STH01,สัตหีบ,ชลบุรี,0.0
2025-05-24,STH01,สัตหีบ,ชลบุรี,0.0
2025-05-25,STH01,สัตหีบ,ชลบุรี,4.4
2025-05-26,STH01,สัตหีบ,ชลบุรี,0.0
2025-05-27,STH01,สัตหีบ,ชลบุรี,13.9
2025-05-28,STH01,สัตหีบ,ชลบุรี,14.9
2025-05-29,STH01,สัตหีบ,ชลบุรี,7.9
2025-05-30,STH01,สัตหีบ,ชลบุรี,7.9
2025-05-31,STH01,สัตหีบ,ชลบุรี,0.1
2025-06-01,STH01,สัตหีบ,ชลบุรี,0.0
2025-06-02,STH01,สัตหีบ,ชลบุรี,0.0
2025-06-03,STH01,สัตหีบ,ชลบุรี,0.0
2025-06-04,STH01,สัตหีบ,ชลบุรี,4.8
2025-06-05,STH01,สัตหีบ,ชลบุรี,11.1
2025-06-06,STH01,สัตหีบ,ชลบุรี,0.0
2025-06-07,STH01,สัตหีบ,ชลบุรี,0.0
2025-06-08,STH01,สัตหีบ,ชลบุรี,0.0
2025-06-09,STH01,สัตหีบ,ชลบุรี,3.4
2025-06-10,STH01,สัตหีบ,ชลบุรี,1.8
2025-06-11,STH01,สัตหีบ,ชลบุรี,30.7
2025-06-12,STH01,สัตหีบ,ชลบุรี,0.0
2025-06-13,STH01,สัตหีบ,ชลบุรี,0.0
2025-06-14,STH01,สัตหีบ,ชลบุรี,0.0
2025-06-15,STH01,สัตหีบ,ชลบุรี,6.4
2025-06-16,STH01,สัตหีบ,ชลบุรี,10.4
2025-06-17,STH01,สัตหีบ,ชลบุรี,4.8
2025-06-18,STH01,สัตหีบ,ชลบุรี,0.0
2025-06-19,STH01,สัตหีบ,ชลบุรี,0.0
2025-06-20,STH01,สัตหีบ,ชลบุรี,0.0
2025-06-21,STH01,สัตหีบ,ชลบุรี,18.9
2025-06-22,STH01,สัตหีบ,ชลบุรี,16.4
2025-06-23,STH01,สัตหีบ,ชลบุรี,12.5
2025-06-24,STH01,สัตหีบ,ชลบุรี,11.1
2025-06-25,STH01,สัตหีบ,ชลบุรี,0.5
2025-06-26,STH01,สัตหีบ,ชลบุรี,0.0
2025-06-27,STH01,สัตหีบ,ชลบุรี,0.0
2025-06-28,STH01,สัตหีบ,ชลบุรี,0.0
2025-06-29,STH01,สัตหีบ,ชลบุรี,0.0
2025-06-30,STH01,สัตหีบ,ชลบุรี,0.7
2025-07-01,STH01,สัตหีบ,ชลบุรี,0.0
2025-07-02,STH01,สัตหีบ,ชลบุรี,7.5
2025-07-03,STH01,สัตหีบ,ชลบุรี,0.0
2025-07-04,STH01,สัตหีบ,ชลบุรี,20.2
2025-07-05,STH01,สัตหีบ,ชลบุรี,0.0
2025-07-06,STH01,สัตหีบ,ชลบุรี,0.0
2025-07-07,STH01,สัตหีบ,ชลบุรี,0.0
2025-07-08,STH01,สัตหีบ,ชลบุรี,24.3
2025-07-09,STH01,สัตหีบ,ชลบุรี,30.4
2025-07-10,STH01,สัตหีบ,ชลบุรี,6.1
2025-07-11,STH01,สัตหีบ,ชลบุรี,0.0
2025-07-12,STH01,สัตหีบ,ชลบุรี,0.0
2025-07-13,STH01,สัตหีบ,ชลบุรี,8.8
2025-07-14,STH01,สัตหีบ,ชลบุรี,9.6
2025-07-15,STH01,สัตหีบ,ชลบุรี,0.0
2025-07-16,STH01,สัตหีบ,ชลบุรี,0.0
2025-07-17,STH01,สัตหีบ,ชลบุรี,0.0
2025-07-18,STH01,สัตหีบ,ชลบุรี,0.0
2025-07-19,STH01,สัตหีบ,ชลบุรี,0.0
2025-07-20,STH01,สัตหีบ,ชลบุรี,0.0
2025-07-21,STH01,สัตหีบ,ชลบุรี,0.3
2025-07-22,STH01,สัตหีบ,ชลบุรี,7.7
2025-07-23,STH01,สัตหีบ,ชลบุรี,0.0
2025-07-24,STH01,สัตหีบ,ชลบุรี,0.0
2025-07-25,STH01,สัตหีบ,ชลบุรี,5.5
2025-07-26,STH01,สัตหีบ,ชลบุรี,0.0
2025-07-27,STH01,สัตหีบ,ชลบุรี,0.0
2025-07-28,STH01,สัตหีบ,ชลบุรี,0.0
2025-07-29,STH01,สัตหีบ,ชลบุรี,9.1
2025-07-30,STH01,สัตหีบ,ชลบุรี,8.5
2025-07-31,STH01,สัตหีบ,ชลบุรี,7.2
2025-08-01,STH01,สัตหีบ,ชลบุรี,0.0
2025-08-02,STH01,สัตหีบ,ชลบุรี,0.0
2025-08-03,STH01,สัตหีบ,ชลบุรี,0.0
2025-08-04,STH01,สัตหีบ,ชลบุรี,0.0
2025-08-05,STH01,สัตหีบ,ชลบุรี,0.0
2025-08-06,STH01,สัตหีบ,ชลบุรี,0.0
2025-08-07,STH01,สัตหีบ,ชลบุรี,0.0
2025-08-08,STH01,สัตหีบ,ชลบุรี,13.5
2025-08-09,STH01,สัตหีบ,ชลบุรี,0.0
2025-08-10,STH01,สัตหีบ,ชลบุรี,1.7
2025-08-11,STH01,สัตหีบ,ชลบุรี,7.8
2025-08-12,STH01,สัตหีบ,ชลบุรี,9.8
2025-08-13,STH01,สัตหีบ,ชลบุรี,18.8
2025-08-14,STH01,สัตหีบ,ชลบุรี,7.5
2025-08-15,STH01,สัตหีบ,ชลบุรี,0.0
2025-08-16,STH01,สัตหีบ,ชลบุรี,0.0
2025-08-17,STH01,สัตหีบ,ชลบุรี,0.0
2025-08-18,STH01,สัตหีบ,ชลบุรี,19.0
2025-08-19,STH01,สัตหีบ,ชลบุรี,0.0
2025-08-20,STH01,สัตหีบ,ชลบุรี,0.0
2025-08-21,STH01,สัตหีบ,ชลบุรี,29.2
2025-08-22,STH01,สัตหีบ,ชลบุรี,0.0
2025-08-23,STH01,สัตหีบ,ชลบุรี,11.0
2025-08-24,STH01,สัตหีบ,ชลบุรี,15.5
2025-08-25,STH01,สัตหีบ,ชลบุรี,0.0
2025-08-26,STH01,สัตหีบ,ชลบุรี,11.5
2025-08-27,STH01,สัตหีบ,ชลบุรี,2.7
2025-08-28,STH01,สัตหีบ,ชลบุรี,0.0
2025-08-29,STH01,สัตหีบ,ชลบุรี,0.0
2025-08-30,STH01,สัตหีบ,ชลบุรี,27.9
2025-08-31,STH01,สัตหีบ,ชลบุรี,7.7
2025-09-01,STH01,สัตหีบ,ชลบุรี,2.7
2025-09-02,STH01,สัตหีบ,ชลบุรี,13.2
2025-09-03,STH01,สัตหีบ,ชลบุรี,7.2
2025-09-04,STH01,สัตหีบ,ชลบุรี,0.0
2025-09-05,STH01,สัตหีบ,ชลบุรี,7.7
2025-09-06,STH01,สัตหีบ,ชลบุรี,9.7
2025-09-07,STH01,สัตหีบ,ชลบุรี,0.0
2025-09-08,STH01,สัตหีบ,ชลบุรี,0.0
2025-09-09,STH01,สัตหีบ,ชลบุรี,11.1
2025-09-10,STH01,สัตหีบ,ชลบุรี,2.0
2025-09-11,STH01,สัตหีบ,ชลบุรี,31.0
2025-09-12,STH01,สัตหีบ,ชลบุรี,1.7
2025-09-13,STH01,สัตหีบ,ชลบุรี,9.7
2025-09-14,STH01,สัตหีบ,ชลบุรี,6.5
2025-09-15,STH01,สัตหีบ,ชลบุรี,32.0
2025-09-16,STH01,สัตหีบ,ชลบุรี,40.6
2025-09-17,STH01,สัตหีบ,ชลบุรี,0.0
2025-09-18,STH01,สัตหีบ,ชลบุรี,0.0
2025-09-19,STH01,สัตหีบ,ชลบุรี,1.9
2025-09-20,STH01,สัตหีบ,ชลบุรี,2.1
2025-09-21,STH01,สัตหีบ,ชลบุรี,0.0
2025-09-22,STH01,สัตหีบ,ชลบุรี,19.7
2025-09-23,STH01,สัตหีบ,ชลบุรี,2.8
2025-09-24,STH01,สัตหีบ,ชลบุรี,0.0
2025-09-25,STH01,สัตหีบ,ชลบุรี,0.0
2025-09-26,STH01,สัตหีบ,ชลบุรี,13.3
2025-09-27,STH01,สัตหีบ,ชลบุรี,9.6
2025-09-28,STH01,สัตหีบ,ชลบุรี,20.5
2025-09-29,STH01,สัตหีบ,ชลบุรี,0.0
2025-09-30,STH01,สัตหีบ,ชลบุรี,0.0
2025-10-01,STH01,สัตหีบ,ชลบุรี,0.0
2025-10-02,STH01,สัตหีบ,ชลบุรี,0.0
2025-10-03,STH01,สัตหีบ,ชลบุรี,93.5
2025-10-04,STH01,สัตหีบ,ชลบุรี,0.0
2025-10-05,STH01,สัตหีบ,ชลบุรี,0.0
2025-10-06,STH01,สัตหีบ,ชลบุรี,0.0
2025-10-07,STH01,สัตหีบ,ชลบุรี,3.0
2025-10-08,STH01,สัตหีบ,ชลบุรี,0.0
2025-10-09,STH01,สัตหีบ,ชลบุรี,0.0
2025-10-10,STH01,สัตหีบ,ชลบุรี,0.0
2025-10-11,STH01,สัตหีบ,ชลบุรี,24.3
2025-10-12,STH01,สัตหีบ,ชลบุรี,0.0
2025-10-13,STH01,สัตหีบ,ชลบุรี,0.0
2025-10-14,STH01,สัตหีบ,ชลบุรี,0.0
2025-10-15,STH01,สัตหีบ,ชลบุรี,9.1
2025-10-16,STH01,สัตหีบ,ชลบุรี,0.0
2025-10-17,STH01,สัตหีบ,ชลบุรี,3.4
2025-10-18,STH01,สัตหีบ,ชลบุรี,7.6
2025-10-19,STH01,สัตหีบ,ชลบุรี,0.0
2025-10-20,STH01,สัตหีบ,ชลบุรี,0.0
2025-10-21,STH01,สัตหีบ,ชลบุรี,2.5
2025-10-22,STH01,สัตหีบ,ชลบุรี,21.4
2025-10-23,STH01,สัตหีบ,ชลบุรี,1.6
2025-10-24,STH01,สัตหีบ,ชลบุรี,6.7
2025-10-25,STH01,สัตหีบ,ชลบุรี,29.1
2025-10-26,STH01,สัตหีบ,ชลบุรี,15.8
2025-10-27,STH01,สัตหีบ,ชลบุรี,17.2
2025-10-28,STH01,สัตหีบ,ชลบุรี,0.0
2025-10-29,STH01,สัตหีบ,ชลบุรี,0.0
2025-10-30,STH01,สัตหีบ,ชลบุรี,4.6
2025-10-31,STH01,สัตหีบ,ชลบุรี,10.3
2025-11-01,STH01,สัตหีบ,ชลบุรี,2.5
2025-11-02,STH01,สัตหีบ,ชลบุรี,3.9
2025-11-03,STH01,สัตหีบ,ชลบุรี,0.0
2025-11-04,STH01,สัตหีบ,ชลบุรี,0.0
2025-11-05,STH01,สัตหีบ,ชลบุรี,0.0
2025-11-06,STH01,สัตหีบ,ชลบุรี,0.0
2025-11-07,STH01,สัตหีบ,ชลบุรี,0.0
2025-11-08,STH01,สัตหีบ,ชลบุรี,0.0
2025-11-09,STH01,สัตหีบ,ชลบุรี,0.0
2025-11-10,STH01,สัตหีบ,ชลบุรี,0.0
2025-11-11,STH01,สัตหีบ,ชลบุรี,1.9
2025-11-12,STH01,สัตหีบ,ชลบุรี,0.0
2025-11-13,STH01,สัตหีบ,ชลบุรี,0.0
2025-11-14,STH01,สัตหีบ,ชลบุรี,0.0
2025-11-15,STH01,สัตหีบ,ชลบุรี,0.0
2025-11-16,STH01,สัตหีบ,ชลบุรี,0.0
2025-11-17,STH01,สัตหีบ,ชลบุรี,0.0
2025-11-18,STH01,สัตหีบ,ชลบุรี,0.0
2025-11-19,STH01,สัตหีบ,ชลบุรี,0.0
2025-11-20,STH01,สัตหีบ,ชลบุรี,0.0
2025-11-21,STH01,สัตหีบ,ชลบุรี,0.0
2025-11-22,STH01,สัตหีบ,ชลบุรี,24.8
2025-11-23,STH01,สัตหีบ,ชลบุรี,0.0
2025-11-24,STH01,สัตหีบ,ชลบุรี,0.0
2025-11-25,STH01,สัตหีบ,ชลบุรี,0.0
2025-11-26,STH01,สัตหีบ,ชลบุรี,10.1
2025-11-27,STH01,สัตหีบ,ชลบุรี,0.0
2025-11-28,STH01,สัตหีบ,ชลบุรี,0.0
2025-11-29,STH01,สัตหีบ,ชลบุรี,0.0
2025-11-30,STH01,สัตหีบ,ชลบุรี,0.0
2025-12-01,STH01,สัตหีบ,ชลบุรี,0.0
2025-12-02,STH01,สัตหีบ,ชลบุรี,0.0
2025-12-03,STH01,สัตหีบ,ชลบุรี,0.0
2025-12-04,STH01,สัตหีบ,ชลบุรี,0.0
2025-12-05,STH01,สัตหีบ,ชลบุรี,0.0
2025-12-06,STH01,สัตหีบ,ชลบุรี,2.6
2025-12-07,STH01,สัตหีบ,ชลบุรี,0.0
2025-12-08,STH01,สัตหีบ,ชลบุรี,0.0
2025-12-09,STH01,สัตหีบ,ชลบุรี,0.0
2025-12-10,STH01,สัตหีบ,ชลบุรี,0.0
2025-12-11,STH01,สัตหีบ,ชลบุรี,0.0
2025-12-12,STH01,สัตหีบ,ชลบุรี,0.0
2025-12-13,STH01,สัตหีบ,ชลบุรี,0.0
2025-12-14,STH01,สัตหีบ,ชลบุรี,0.0
2025-12-15,STH01,สัตหีบ,ชลบุรี,0.0
2025-12-16,STH01,สัตหีบ,ชลบุรี,0.0
2025-12-17,STH01,สัตหีบ,ชลบุรี,0.0
2025-12-18,STH01,สัตหีบ,ชลบุรี,2.4
2025-12-19,STH01,สัตหีบ,ชลบุรี,0.0
2025-12-20,STH01,สัตหีบ,ชลบุรี,0.0
2025-12-21,STH01,สัตหีบ,ชลบุรี,0.0
2025-12-22,STH01,สัตหีบ,ชลบุรี,0.0
2025-12-23,STH01,สัตหีบ,ชลบุรี,0.0
2025-12-24,STH01,สัตหีบ,ชลบุรี,0.0
2025-12-25,STH01,สัตหีบ,ชลบุรี,0.0
2025-12-26,STH01,สัตหีบ,ชลบุรี,0.0
2025-12-27,STH01,สัตหีบ,ชลบุรี,0.0
2025-12-28,STH01,สัตหีบ,ชลบุรี,0.0
2025-12-29,STH01,สัตหีบ,ชลบุรี,0.0
2025-12-30,STH01,สัตหีบ,ชลบุรี,0.0
2025-12-31,STH01,สัตหีบ,ชลบุรี,0.0
